cohort,seed,candidate_build,published_build,PlayerID,status,Name,Team,Age,Baseline,CandidateMeanDelta,PublishedMeanDelta,DeltaDifference,CandidateMeanOvr,PublishedMeanOvr,OvrDifference,CandidateStdDelta,PublishedStdDelta
sample,42,20260919031636,20260919031637,2,shared,Arron Afflalo,DET,33,57.0,-1.66,-1.35,-0.30999999999999983,55.34,55.65,-0.30999999999999517,1.1121005695384194,0.7961396760860394
sample,42,20260919031636,20260919031637,4,shared,Alexis Ajinça,SA,30,58.0,-0.4,-0.32,-0.08000000000000002,57.6,57.68,-0.0799999999999983,1.1720654306553766,0.6175873552900362
sample,42,20260919031636,20260919031637,7,shared,LaMarcus Aldridge (PO),TOR,33,68.0,-0.74,0.23,-0.97,67.26,68.23,-0.9699999999999989,0.7992420652017002,0.617178329908861
sample,42,20260919031636,20260919031637,8,shared,Lavoy Allen,CHI,29,54.0,-1.01,0.59,-1.6,52.99,54.59,-1.6000000000000014,3.0698764493284436,1.9801795653705525
sample,42,20260919031636,20260919031637,12,shared,Al-Farouq Aminu,MIN,28,53.0,-1.62,-1.19,-0.43000000000000016,51.38,51.81,-0.4299999999999997,3.265305839002256,2.2324285820015324
sample,42,20260919031636,20260919031637,16,shared,James Anderson (PO),MEM,29,57.0,-0.78,-0.49,-0.29000000000000004,56.22,56.51,-0.28999999999999915,1.0878576852853243,1.1054959123041626
sample,42,20260919031636,20260919031637,17,shared,Ryan Anderson (PO),MIA,30,60.0,-0.89,0.93,-1.82,59.11,60.93,-1.8200000000000003,1.0139930069688934,0.7142842712828137
sample,42,20260919031636,20260919031637,18,shared,Carmelo Anthony (PO),MEM,34,72.0,-2.04,-0.78,-1.26,69.96,71.22,-1.2600000000000051,0.7774602526460404,0.675397376484108
sample,42,20260919031636,20260919031637,22,shared,Trevor Ariza,MIA,33,59.0,-1.42,-1.44,0.020000000000000018,57.58,57.56,0.01999999999999602,0.9009534792191948,0.8326663997864533
sample,42,20260919031636,20260919031637,28,shared,D.J. Augustin,UTA,31,53.0,-1.43,-2.19,0.76,51.57,50.81,0.759999999999998,1.6591040541889654,1.1950656125007608
sample,42,20260919031636,20260919031637,29,shared,Gustavo Ayón,POR,33,50.0,-3.52,-3.17,-0.3500000000000001,46.48,46.83,-0.3500000000000014,2.096076180279561,1.5830861051002934
sample,42,20260919031636,20260919031637,35,shared,Andrea Bargnani (PO),SAC,33,64.0,-1.29,-1.41,0.11999999999999988,62.71,62.59,0.11999999999999744,0.8680059581790575,0.6681045100608408
sample,42,20260919031636,20260919031637,41,shared,Brandon Bass,WAS,33,57.0,-1.81,-1.94,0.1299999999999999,55.19,55.06,0.12999999999999545,1.6186726074475382,0.6936945446031136
sample,42,20260919031636,20260919031637,44,shared,Nicolas Batum (PO),TOR,30,63.0,-1.19,-0.6,-0.59,61.81,62.4,-0.5899999999999963,0.9287223764534008,0.8408749651825219
sample,42,20260919031636,20260919031637,45,shared,Jerryd Bayless (TO),CHI,30,62.0,-0.82,0.65,-1.47,61.18,62.65,-1.4699999999999989,0.8689945426477171,0.7571210756756963
sample,42,20260919031636,20260919031637,47,shared,Michael Beasley,GSW,29,64.0,-0.82,0.51,-1.33,63.18,64.51,-1.3300000000000054,0.880541614776687,0.717670192393766
sample,42,20260919031636,20260919031637,50,shared,Marco Belinelli,DET,32,53.0,-1.98,-6.44,4.460000000000001,51.02,46.56,4.460000000000001,2.424537860785812,0.924634790038475
sample,42,20260919031636,20260919031637,59,shared,Bismack Biyombo,POR,26,56.0,0.45,0.63,-0.18,56.45,56.63,-0.17999999999999972,1.416889465546186,1.535143858622594
sample,42,20260919031636,20260919031637,60,shared,DeJuan Blair,MIN,29,56.0,-1.3,-0.19,-1.11,54.7,55.81,-1.1099999999999994,1.4805131515522556,1.3234100428114266
sample,42,20260919031636,20260919031637,63,shared,Eric Bledsoe,UTA,29,55.0,-1.34,-1.87,0.53,53.66,53.13,0.529999999999994,1.2966156412800676,1.0215357818184116
sample,42,20260919031636,20260919031637,69,shared,Chris Bosh  (PO),ATL,34,64.0,-1.69,-0.77,-0.9199999999999999,62.31,63.23,-0.9199999999999946,0.8841477092189808,0.6794977348874474
sample,42,20260919031636,20260919031637,77,shared,Ronnie Brewer,MIN,33,57.0,-1.76,-3.51,1.7499999999999998,55.24,53.49,1.75,1.3641884404326627,0.717670192393766
sample,42,20260919031636,20260919031637,79,shared,Aaron Brooks (PO),UTA,33,48.0,-3.18,-2.67,-0.5100000000000002,44.82,45.33,-0.509999999999998,2.5281446065277104,1.3784415149367093
sample,42,20260919031636,20260919031637,80,shared,MarShon Brooks,ORL,29,61.0,-0.26,0.75,-1.01,60.74,61.75,-1.009999999999998,0.9387289924211998,0.7299508769967216
sample,42,20260919031636,20260919031637,82,shared,Derrick Brown,CLE,31,54.0,-2.61,-6.3,3.69,51.39,47.7,3.6899999999999977,1.9063689108465927,0.9795896894087646
sample,42,20260919031636,20260919031637,84,shared,Shannon Brown,UTA,33,54.0,-3.97,-3.05,-0.9200000000000004,50.03,50.95,-0.9200000000000017,1.9146168221755442,1.4240006242195884
sample,42,20260919031636,20260919031637,85,shared,Kobe Bryant,DET,40,53.0,-8.73,-5.58,-3.1500000000000004,44.27,47.42,-3.1499999999999986,2.196668735916623,1.264751342990376
sample,42,20260919031636,20260919031637,86,shared,Chase Budinger,OKC,30,57.0,-0.87,-0.45,-0.42,56.13,56.55,-0.4199999999999946,1.4747367510333782,0.657128740672771
sample,42,20260919031636,20260919031637,87,shared,Alec Burks,UTA,27,73.0,0.72,1.08,-0.3600000000000001,73.72,74.08,-0.35999999999999943,0.8537498983243798,0.7061061241667987
sample,42,20260919031636,20260919031637,92,shared,Andrew Bynum (PO),LAC,31,65.0,-1.03,-0.78,-0.25,63.97,64.22,-0.25,0.9582707489445915,0.7188655484634637
sample,42,20260919031636,20260919031637,101,shared,Omri Casspi (PO),CLE,30,59.0,-0.9,-0.31,-0.5900000000000001,58.1,58.69,-0.5899999999999963,1.0963668190985176,0.6620293258480537
sample,42,20260919031636,20260919031637,103,shared,Mario Chalmers (PO),MEM,32,58.0,-1.25,-1.71,0.45999999999999996,56.75,56.29,0.46000000000000085,1.0087996667707457,0.8680059581790571
sample,42,20260919031636,20260919031637,109,shared,Earl Clark,ORL,30,51.0,-0.96,-0.39,-0.57,50.04,50.61,-0.5700000000000003,2.309051140992154,1.062634424057455
sample,42,20260919031636,20260919031637,111,shared,Darren Collison,MIA,31,58.0,-1.0,-1.95,0.95,57.0,56.05,0.9500000000000028,0.9949366763261821,0.7159792333764035
sample,42,20260919031636,20260919031637,114,shared,Mike Conley,GSW,31,67.0,-0.71,-1.74,1.03,66.29,65.26,1.0300000000000011,0.8444112167838033,0.6907761700954347
sample,42,20260919031636,20260919031637,117,shared,Daequan Cook (PO),SAC,31,59.0,-1.1,-1.59,0.49,57.9,57.41,0.490000000000002,0.9265990819042824,0.6210938542262158
sample,42,20260919031636,20260919031637,120,shared,DeMarcus Cousins,MIN,28,72.0,-0.62,0.38,-1.0,71.38,72.38,-1.0,0.7756391955130694,0.9927006323431782
sample,42,20260919031636,20260919031637,123,shared,Jamal Crawford,SA,38,53.0,-6.8,-6.38,-0.41999999999999993,46.2,46.62,-0.4199999999999946,2.6666666666666656,1.4479522286890738
sample,42,20260919031636,20260919031637,124,shared,Jordan Crawford (PO),IND,30,65.0,-0.44,0.13,-0.5700000000000001,64.56,65.13,-0.5699999999999932,0.879853063949552,0.7869516689688949
sample,42,20260919031636,20260919031637,128,shared,Stephen Curry (PO),MEM,30,71.0,0.76,2.1,-1.34,71.76,73.1,-1.3399999999999892,0.8302366706505618,0.6741998624632421
sample,42,20260919031636,20260919031637,139,shared,Glen Davis,CHI,32,57.0,-1.03,-1.13,0.09999999999999987,55.97,55.87,0.10000000000000142,1.039181884897437,0.7608474807008885
sample,42,20260919031636,20260919031637,143,shared,Austin Daye (PO),LAC,30,59.0,-0.26,0.94,-1.2,58.74,59.94,-1.1999999999999957,1.0695038026292303,0.6639337924884384
sample,42,20260919031636,20260919031637,146,shared,Luol Deng,HOU,33,63.0,-0.7,-1.1,0.40000000000000013,62.3,61.9,0.3999999999999986,0.8226589066968621,0.6590473688161075
sample,42,20260919031636,20260919031637,157,shared,Goran Dragić,HOU,32,62.0,-0.14,-0.95,0.8099999999999999,61.86,61.05,0.8100000000000023,0.9213516640723503,0.7571210756756961
sample,42,20260919031636,20260919031637,164,shared,Kevin Durant (PO),OKC,30,72.0,-0.21,1.51,-1.72,71.79,73.51,-1.7199999999999989,0.8323630715188433,0.7976607212735412
sample,42,20260919031636,20260919031637,168,shared,Monta Ellis (PO),GSW,33,66.0,-1.19,-0.81,-0.3799999999999999,64.81,65.19,-0.37999999999999545,0.8127146181194543,0.7343656645656367
sample,42,20260919031636,20260919031637,178,shared,Tyreke Evans (PO),CHI,29,66.0,-0.05,0.99,-1.04,65.95,66.99,-1.039999999999992,0.8918825850158446,0.7316095442601369
sample,42,20260919031636,20260919031637,181,shared,Kenneth Faried,DEN,29,57.0,-0.49,0.45,-0.94,56.51,57.45,-0.9400000000000048,1.2831070245165195,0.5751591786697668
sample,42,20260919031636,20260919031637,182,shared,Jordan Farmar,POR,32,56.0,-1.59,-2.05,0.45999999999999974,54.41,53.95,0.45999999999999375,1.2151817422372122,0.8572330399888264
sample,42,20260919031636,20260919031637,183,shared,Derrick Favors,WAS,27,63.0,0.01,0.93,-0.92,63.01,63.93,-0.9200000000000017,0.9373829893308647,1.0372360318936988
sample,42,20260919031636,20260919031637,187,shared,Landry Fields (PO),HOU,30,58.0,-0.82,0.06,-0.8799999999999999,57.18,58.06,-0.8800000000000026,0.9143082609052573,0.7496800664418135
sample,42,20260919031636,20260919031637,198,shared,Channing Frye,DET,35,56.0,-2.9,-4.7,1.8000000000000003,53.1,51.3,1.8000000000000043,1.5986105077709065,1.3816985594155153
sample,42,20260919031636,20260919031637,201,shared,Sundiata Gaines,OKC,32,54.0,-1.62,-2.78,1.1599999999999997,52.38,51.22,1.1600000000000037,2.4027761721253467,1.1243853539789748
sample,42,20260919031636,20260919031637,203,shared,Danilo Gallinari (PO),LAC,30,65.0,-0.81,1.06,-1.87,64.19,66.06,-1.8700000000000045,0.9502259167846838,0.80176572814525
sample,42,20260919031636,20260919031637,206,shared,Marc Gasol (PO),CLE,33,64.0,-1.32,-0.93,-0.39,62.68,63.07,-0.39000000000000057,0.8747871313939893,0.6236905474591539
sample,42,20260919031636,20260919031637,208,shared,Rudy Gay,DEN,32,70.0,-1.48,-2.08,0.6000000000000001,68.52,67.92,0.5999999999999943,0.6739001514626735,0.6618004215621185
sample,42,20260919031636,20260919031637,209,shared,Alonzo Gee,IND,31,61.0,-0.54,-1.32,0.78,60.46,59.68,0.7800000000000011,0.9036402251812701,0.6175873552900363
sample,42,20260919031636,20260919031637,211,shared,Paul George,LAC,28,70.0,-0.6,0.71,-1.31,69.4,70.71,-1.309999999999988,0.8761716542303614,0.6860073327640607
sample,42,20260919031636,20260919031637,223,shared,Eric Gordon (PO),OKC,30,59.0,-0.48,0.38,-0.86,58.52,59.38,-0.8599999999999994,1.049097736441205,0.7625051746802387
sample,42,20260919031636,20260919031637,224,shared,Marcin Gortat,IND,34,60.0,-1.89,-1.57,-0.31999999999999984,58.11,58.43,-0.3200000000000003,0.8274946977156257,0.6236905474591539
sample,42,20260919031636,20260919031637,226,shared,Danny Granger,CHA,35,58.0,-2.55,-3.23,0.6800000000000002,55.45,54.77,0.6799999999999997,0.8918825850158447,0.8744984132332516
sample,42,20260919031636,20260919031637,228,shared,Danny Green,HOU,31,59.0,-1.32,-1.76,0.43999999999999995,57.68,57.24,0.4399999999999977,0.908767619283712,0.8542230210530325
sample,42,20260919031636,20260919031637,229,shared,Donté Greene (PO),SAC,30,59.0,-0.56,0.12,-0.68,58.44,59.12,-0.6799999999999997,1.15749642755301,0.7423685817106698
sample,42,20260919031636,20260919031637,231,shared,Jeff Green,HOU,32,56.0,-0.69,-0.59,-0.09999999999999998,55.31,55.41,-0.09999999999999432,1.0702119114238708,0.8052228501376736
sample,42,20260919031636,20260919031637,234,shared,Blake Griffin (PO),DET,29,66.0,-0.16,1.11,-1.27,65.84,67.11,-1.269999999999996,0.9289942427325925,0.7371114795831993
sample,42,20260919031636,20260919031637,243,shared,James Harden (PO),DET,29,73.0,0.1,0.63,-0.53,73.1,73.63,-0.5300000000000011,0.7719841941125452,0.8605260312768291
sample,42,20260919031636,20260919031637,245,shared,Josh Harrellson,SA,29,56.0,-0.97,-0.85,-0.12,55.03,55.15,-0.11999999999999744,1.9871048937048736,0.9031370691409835
sample,42,20260919031636,20260919031637,247,shared,Devin Harris,MIA,35,56.0,-3.12,-4.43,1.3099999999999996,52.88,51.57,1.3100000000000023,1.865584101670048,1.335263754068571
sample,42,20260919031636,20260919031637,248,shared,Manny Harris,WAS,29,66.0,-0.11,1.13,-1.24,65.89,67.13,-1.2399999999999949,0.8396127053287693,1.0977939310961393
sample,42,20260919031636,20260919031637,258,shared,Gordon Hayward,UTA,28,73.0,-0.25,1.07,-1.32,72.75,74.07,-1.3199999999999932,0.8333333333333331,0.7555184185763313
sample,42,20260919031636,20260919031637,265,shared,Roy Hibbert,SA,32,61.0,-1.15,-1.38,0.22999999999999998,59.85,59.62,0.23000000000000398,0.9360890055238478,0.7625051746802387
sample,42,20260919031636,20260919031637,269,shared,George Hill,GSW,32,54.0,-1.99,-2.84,0.8499999999999999,52.01,51.16,0.8500000000000014,2.0670332030778464,1.426445748967508
sample,42,20260919031636,20260919031637,271,shared,Jordan Hill,DAL,31,61.0,-1.12,-1.28,0.15999999999999992,59.88,59.72,0.1600000000000037,0.8321810214882654,0.7664690127296389
sample,42,20260919031636,20260919031637,274,shared,Jrue Holiday (PO),CLE,28,71.0,0.22,0.55,-0.33000000000000007,71.22,71.55,-0.3299999999999983,0.8358144881406749,0.6571287406727709
sample,42,20260919031636,20260919031637,277,shared,Al Horford,DAL,32,61.0,-0.17,-0.2,0.03,60.83,60.8,0.030000000000001137,0.865208563634144,0.6030226891555273
sample,42,20260919031636,20260919031637,280,shared,Dwight Howard (PO),WAS,33,74.0,-0.32,-0.3,-0.020000000000000018,73.68,73.7,-0.01999999999999602,0.8394322275481592,0.6435381994422816
sample,42,20260919031636,20260919031637,287,shared,Kris Humphries (PO),NYK,33,57.0,-1.67,-1.37,-0.2999999999999998,55.33,55.63,-0.30000000000000426,0.9540450828980882,0.7740096311357559
sample,42,20260919031636,20260919031637,289,shared,Andre Iguodala (PO),LAC,34,65.0,-1.42,-1.23,-0.18999999999999995,63.58,63.77,-0.19000000000000483,0.8782443460183113,0.7227193316379688
sample,42,20260919031636,20260919031637,290,shared,Ersan İlyasova (PO),OKC,31,65.0,-0.44,-0.76,0.32,64.56,64.24,0.3200000000000074,0.967345634071698,0.726413634010794
sample,42,20260919031636,20260919031637,291,shared,Kyrie Irving,MIN,26,68.0,2.24,1.16,1.0800000000000003,70.24,69.16,1.0799999999999983,0.8659670836117214,0.7347094526395994
sample,42,20260919031636,20260919031637,295,shared,Jarrett Jack,NOL,35,52.0,-4.37,-6.83,2.46,47.63,45.17,2.460000000000001,1.541709663610074,1.511270787760881
sample,42,20260919031636,20260919031637,299,shared,LeBron James (PO),CLE,34,76.0,-0.87,-0.17,-0.7,75.13,75.83,-0.7000000000000028,0.7869516689688949,0.4725815626252608
sample,42,20260919031636,20260919031637,303,shared,Al Jefferson (PO),WAS,33,63.0,-1.26,-1.45,0.18999999999999995,61.74,61.55,0.19000000000000483,1.0882290311521854,0.6256309946079567
sample,42,20260919031636,20260919031637,308,shared,Brandon Jennings (PO),IND,29,66.0,0.28,1.16,-0.8799999999999999,66.28,67.16,-0.8799999999999955,0.8885352832020512,0.7066781016799227
sample,42,20260919031636,20260919031637,309,shared,Jonas Jerebko (TO),CHI,31,64.0,-0.76,-0.7,-0.06000000000000005,63.24,63.3,-0.05999999999999517,0.7800543881581904,0.674199862463242
sample,42,20260919031636,20260919031637,318,shared,James Johnson,HOU,31,58.0,-0.79,-2.98,2.19,57.21,55.02,2.1899999999999977,0.924361641590803,0.619220755009345
sample,42,20260919031636,20260919031637,320,shared,Joe Johnson (PO),TOR,37,58.0,-3.35,-3.61,0.2599999999999998,54.65,54.39,0.259999999999998,1.297822574292586,0.9199802369418791
sample,42,20260919031636,20260919031637,332,shared,DeAndre Jordan,SAC,30,58.0,-1.0,-0.08,-0.92,57.0,57.92,-0.9200000000000017,1.1101005505463153,0.7341593144474153
sample,42,20260919031636,20260919031637,337,shared,Enes Kanter,LAL,26,66.0,1.26,1.28,-0.020000000000000018,67.26,67.28,-0.01999999999999602,0.8601150968318017,0.8050346626579554
sample,42,20260919031636,20260919031637,342,shared,Andrei Kirilenko,UTA,37,55.0,-6.98,-7.4,0.41999999999999993,48.02,47.6,0.4200000000000017,1.5826074891287685,1.5763402186230246
sample,42,20260919031636,20260919031637,343,shared,Linas Kleiza (PO),LAL,33,61.0,-2.09,-1.58,-0.5099999999999998,58.91,59.42,-0.5100000000000051,0.8656754238130704,0.8062884162016778
sample,42,20260919031636,20260919031637,344,shared,Brandon Knight,CHA,27,67.0,0.25,0.94,-0.69,67.25,67.94,-0.6899999999999977,0.7571210756756963,0.7630348761506398
sample,42,20260919031636,20260919031637,346,shared,Kosta Koufos (TO),LAC,29,61.0,-0.39,0.94,-1.33,60.61,61.94,-1.3299999999999983,1.003981970943601,0.6327748733981465
sample,42,20260919031636,20260919031637,350,shared,Ty Lawson,DEN,31,68.0,-0.39,-1.34,0.9500000000000001,67.61,66.66,0.9500000000000028,0.7506899183653353,0.7941706810925915
sample,42,20260919031636,20260919031637,351,shared,Courtney Lee,SAC,33,57.0,-2.0,-1.71,-0.29000000000000004,55.0,55.29,-0.28999999999999915,1.2792042981336624,0.9877532918986229
sample,42,20260919031636,20260919031637,352,shared,David Lee,DET,35,57.0,-3.44,-4.41,0.9700000000000002,53.56,52.59,0.9699999999999989,1.4093482984211625,1.4148919364810844
sample,42,20260919031636,20260919031637,354,shared,Kawhi Leonard,SA,27,75.0,0.16,0.6,-0.43999999999999995,75.16,75.6,-0.4399999999999977,0.8957813586050127,0.6513389472789298
sample,42,20260919031636,20260919031637,359,shared,Jeremy Lin,MIA,30,57.0,-0.47,0.33,-0.8,56.53,57.33,-0.7999999999999972,1.1051303684693181,0.7792122414154677
sample,42,20260919031636,20260919031637,361,shared,Brook Lopez (TO),UTA,30,62.0,-0.83,0.89,-1.72,61.17,62.89,-1.7199999999999989,0.8882510337679876,0.723278171336114
sample,42,20260919031636,20260919031637,362,shared,Robin Lopez,DET,30,54.0,-1.74,-1.33,-0.4099999999999999,52.26,52.67,-0.4100000000000037,2.1207012371792815,1.2796385221908362
sample,42,20260919031636,20260919031637,363,shared,Kevin Love (PO),SAC,30,77.0,0.34,1.26,-0.9199999999999999,77.34,78.26,-0.9200000000000017,0.6849021164304496,0.4631905164675272
sample,42,20260919031636,20260919031637,365,shared,Kyle Lowry,SA,32,65.0,0.12,-0.82,0.94,65.12,64.18,0.9399999999999977,0.9020739291972547,0.7300200633744891
sample,42,20260919031636,20260919031637,381,shared,Kevin Martin (PO),HOU,35,64.0,-1.7,-2.44,0.74,62.3,61.56,0.7399999999999949,0.8703882797784891,0.6714976477316142
sample,42,20260919031636,20260919031637,384,shared,Wesley Matthews (PO),WAS,32,64.0,-1.34,-1.9,0.5599999999999998,62.66,62.1,0.5599999999999952,0.976698210267324,0.9481507786158797
sample,42,20260919031636,20260919031637,387,shared,O.J. Mayo (PO),LAC,31,62.0,-0.73,-1.35,0.6200000000000001,61.27,60.65,0.6200000000000045,0.9832434473555758,0.701729465267237
sample,42,20260919031636,20260919031637,388,shared,Luc Mbah a Moute,MEM,32,53.0,-2.54,-1.91,-0.6300000000000001,50.46,51.09,-0.6300000000000026,2.430529725692477,1.1899834478095086
sample,42,20260919031636,20260919031637,390,shared,JaVale McGee (PO),MIA,30,60.0,-0.64,0.64,-1.28,59.36,60.64,-1.2800000000000011,0.91585363393278,0.7456269817808339
sample,42,20260919031636,20260919031637,397,shared,Jodie Meeks,POR,31,52.0,-2.09,-2.61,0.52,49.91,49.39,0.519999999999996,2.5309997226312757,1.4276844288157058
sample,42,20260919031636,20260919031637,406,shared,Paul Millsap (PO),UTA,33,68.0,-1.14,-0.69,-0.44999999999999996,66.86,67.31,-0.45000000000000284,0.738822431886435,0.5807518637703432
sample,42,20260919031636,20260919031637,412,shared,Greg Monroe,UTA,28,56.0,0.03,1.15,-1.1199999999999999,56.03,57.15,-1.1199999999999974,2.162373368745228,0.7017294652672372
sample,42,20260919031636,20260919031637,414,shared,E'Twaun Moore,LAL,29,40.0,-1.18,-3.74,2.5600000000000005,38.82,36.26,2.5600000000000023,4.139926315647406,3.8022321992442407
sample,42,20260919031636,20260919031637,416,shared,Darius Morris (PO),WAS,27,59.0,-0.14,-0.03,-0.11000000000000001,58.86,58.97,-0.10999999999999943,1.5375436267112568,0.7713951678941897
sample,42,20260919031636,20260919031637,419,shared,Anthony Morrow,OKC,33,57.0,-1.82,-1.84,0.020000000000000018,55.18,55.16,0.020000000000003126,1.2900552020136284,0.8375047112787736
sample,42,20260919031636,20260919031637,432,shared,Joakim Noah (PO),MEM,33,62.0,-0.9,-0.1,-0.8,61.1,61.9,-0.7999999999999972,0.8468599159080072,0.6590473688161074
sample,42,20260919031636,20260919031637,434,shared,Steve Novak,DET,35,53.0,-3.69,-6.12,2.43,49.31,46.88,2.4299999999999997,2.980390456421318,1.2814133611056977
sample,42,20260919031636,20260919031637,435,shared,Dirk Nowitzki,DAL,40,50.0,-10.04,-6.3,-3.7399999999999993,39.96,43.7,-3.740000000000002,2.313421533555698,1.2909944487358054
sample,42,20260919031636,20260919031637,436,shared,Greg Oden,OKC,30,59.0,-0.42,1.21,-1.63,58.58,60.21,-1.6300000000000026,0.9762844427375215,0.7951240294584375
sample,42,20260919031636,20260919031637,446,shared,Zaza Pachulia,CLE,34,54.0,-4.05,-5.24,1.1900000000000004,49.95,48.76,1.1900000000000048,1.8167292177165673,0.9859620743827889
sample,42,20260919031636,20260919031637,451,shared,Tony Parker,OKC,36,57.0,-3.51,-3.43,-0.07999999999999963,53.49,53.57,-0.0799999999999983,1.7609398317117735,1.0754843869934447
sample,42,20260919031636,20260919031637,454,shared,Chris Paul (PO),LAC,33,77.0,-0.47,-0.72,0.25,76.53,76.28,0.25,0.6583573068132101,0.5519478821831502
sample,42,20260919031636,20260919031637,457,shared,Nikola Peković,MEM,32,56.0,-0.76,-1.33,0.5700000000000001,55.24,54.67,0.5700000000000003,1.181678313401594,0.6674994798166928
sample,42,20260919031636,20260919031637,464,shared,Paul Pierce (PO),MIA,41,55.0,-9.7,-5.61,-4.089999999999999,45.3,49.39,-4.090000000000003,1.7837651700316897,1.2382375875543126
sample,42,20260919031636,20260919031637,481,shared,Zach Randolph,OKC,37,52.0,-5.88,-5.19,-0.6899999999999995,46.12,46.81,-0.6900000000000048,3.095385943854844,1.3684393529222487
sample,42,20260919031636,20260919031637,483,shared,JJ Redick,DEN,34,57.0,-1.51,-1.04,-0.47,55.49,55.96,-0.46999999999999886,0.717670192393766,0.6500971178418365
sample,42,20260919031636,20260919031637,493,shared,Nate Robinson,SAC,34,56.0,-1.99,-1.61,-0.3799999999999999,54.01,54.39,-0.38000000000000256,1.2349702486908403,0.665073854788498
sample,42,20260919031636,20260919031637,497,shared,Rajon Rondo (TO),UTA,32,67.0,-0.54,-1.2,0.6599999999999999,66.46,65.8,0.6599999999999966,0.8923920866769471,0.7106690545187013
sample,42,20260919031636,20260919031637,498,shared,Derrick Rose (PO),OKC,30,64.0,-0.03,1.69,-1.72,63.97,65.69,-1.7199999999999989,0.8927881647236969,0.8372031359885668
sample,42,20260919031636,20260919031637,515,shared,Kevin Séraphin (PO),WAS,29,58.0,-0.97,0.18,-1.15,57.03,58.18,-1.1499999999999986,1.6542262984442744,1.5333333333333337
sample,42,20260919031636,20260919031637,516,shared,Ramon Sessions,CHA,32,58.0,-0.74,-1.43,0.69,57.26,56.57,0.6899999999999977,0.8482900209220662,0.6396811074214392
sample,42,20260919031636,20260919031637,519,shared,Iman Shumpert (PO),CHI,28,59.0,-0.57,-0.1,-0.47,58.43,58.9,-0.46999999999999886,0.8791065253018444,1.344648953474775
sample,42,20260919031636,20260919031637,526,shared,Donald Sloan,MIN,30,54.0,-1.77,-1.95,0.17999999999999994,52.23,52.05,0.17999999999999972,2.0978825303412747,1.3361712223190316
sample,42,20260919031636,20260919031637,528,shared,Greg Smith,POR,27,60.0,-0.02,-0.13,0.11,59.98,59.87,0.10999999999999943,1.3852031904337636,0.9603766096293853
sample,42,20260919031636,20260919031637,532,shared,Josh Smith (PO),SAC,33,70.0,-0.16,-0.29,0.12999999999999998,69.84,69.71,0.13000000000000966,0.9180567971690439,0.6558978733019494
sample,42,20260919031636,20260919031637,533,shared,J.R. Smith (PO),WAS,33,58.0,-1.49,-1.7,0.20999999999999996,56.51,56.3,0.21000000000000085,1.1590225767142475,0.6590473688161075
sample,42,20260919031636,20260919031637,536,shared,Tiago Splitter,SAC,33,57.0,-1.72,-1.68,-0.040000000000000036,55.28,55.32,-0.03999999999999915,1.3187076624445235,0.7089613971340489
sample,42,20260919031636,20260919031637,545,shared,Rodney Stuckey (PO),CHI,32,64.0,-1.45,-1.78,0.33000000000000007,62.55,62.22,0.3299999999999983,0.9782999065065412,0.6753973764841082
sample,42,20260919031636,20260919031637,547,shared,Jeff Teague (PO),DET,30,69.0,-0.05,1.15,-1.2,68.95,70.15,-1.2000000000000028,0.8572330399888265,0.6871842709362768
sample,42,20260919031636,20260919031637,553,shared,Isaiah Thomas,DAL,29,55.0,-0.64,-0.1,-0.54,54.36,54.9,-0.5399999999999991,2.096268931779373,1.352140091958976
sample,42,20260919031636,20260919031637,560,shared,Klay Thompson,MIN,28,63.0,-0.64,0.1,-0.74,62.36,63.1,-0.740000000000002,0.8821461433242331,0.674199862463242
sample,42,20260919031636,20260919031637,562,shared,Tristan Thompson,NYK,27,54.0,-0.82,-0.79,-0.029999999999999916,53.18,53.21,-0.030000000000001137,2.826212084659385,1.9451831208750947
sample,42,20260919031636,20260919031637,564,shared,Marcus Thornton (TO),CHI,31,62.0,-0.75,-1.11,0.3600000000000001,61.25,60.89,0.35999999999999943,0.9142530206997327,0.70917507917953
sample,42,20260919031636,20260919031637,580,shared,Greivis Vásquez (PO),MIN,31,61.0,-0.7,-1.5,0.8,60.3,59.5,0.7999999999999972,1.039619199903542,0.6890192121758832
sample,42,20260919031636,20260919031637,585,shared,Dwyane Wade (PO),OKC,36,62.0,-2.54,-2.9,0.3599999999999999,59.46,59.1,0.35999999999999943,0.9890307468333926,0.7977240352174658
sample,42,20260919031636,20260919031637,589,shared,Kemba Walker,WAS,28,69.0,-0.27,0.33,-0.6000000000000001,68.73,69.33,-0.5999999999999943,0.8859737552261323,0.7114503609961949
sample,42,20260919031636,20260919031637,593,shared,John Wall,POR,28,62.0,0.52,1.27,-0.75,62.52,63.27,-0.75,0.8816880045536163,0.6942039987778751
sample,42,20260919031636,20260919031637,604,shared,Russell Westbrook (PO),OKC,30,78.0,0.58,0.62,-0.040000000000000036,78.58,78.62,-0.04000000000000625,0.5717243101956457,0.48783173121456336
sample,42,20260919031636,20260919031637,618,shared,Deron Williams,HOU,34,61.0,-1.76,-1.51,-0.25,59.24,59.49,-0.25,0.8889898932513408,0.6434597143880912
sample,42,20260919031636,20260919031637,619,shared,Derrick Williams,IND,27,49.0,-0.63,-0.66,0.030000000000000027,48.37,48.34,0.02999999999999403,3.653295177858702,1.8706667098641432
sample,42,20260919031636,20260919031637,621,shared,Jordan Williams,DET,28,66.0,-0.26,0.7,-0.96,65.74,66.7,-0.960000000000008,0.9058730929915406,0.7177405625652733
sample,42,20260919031636,20260919031637,622,shared,Lou Williams (PO),CHI,32,66.0,-0.59,-0.93,0.3400000000000001,65.41,65.07,0.3400000000000034,0.8887057892227211,0.819645156038991
sample,42,20260919031636,20260919031637,624,shared,Marvin Williams (TO),SAC,32,62.0,-0.45,-1.32,0.8700000000000001,61.55,60.68,0.8699999999999974,0.967919772950572,0.6337319319839909
sample,42,20260919031636,20260919031637,625,shared,Reggie Williams,CHI,32,54.0,-1.99,-5.62,3.63,52.01,48.38,3.6299999999999955,2.032538344339934,0.8851182652246777
sample,42,20260919031636,20260919031637,631,shared,Brandan Wright,SA,31,57.0,-0.71,-1.66,0.95,56.29,55.34,0.9499999999999957,1.208513570674757,0.6391281940932105
sample,42,20260919031636,20260919031637,633,shared,Dorell Wright (PO),MIN,33,65.0,-1.69,-1.55,-0.1399999999999999,63.31,63.45,-0.14000000000000057,0.9502259167846838,0.7833494518006403
sample,42,20260919031636,20260919031637,637,shared,Thaddeus Young,CLE,30,67.0,-0.58,0.57,-1.15,66.42,67.57,-1.1499999999999915,0.8309663353620593,0.6552815726036703
sample,42,20260919031636,20260919031637,668,shared,Thanasis Antetokounmpo,DEN,26,43.0,-0.09,-1.16,1.0699999999999998,42.91,41.84,1.0699999999999932,3.921180506640388,3.5096404028868484
sample,42,20260919031636,20260919031637,672,shared,Keith Appling,UTA,26,38.0,2.16,3.35,-1.19,40.16,41.35,-1.1900000000000048,4.609432577538008,3.1249242415059464
sample,42,20260919031636,20260919031637,698,shared,Harrison Barnes,TOR,26,76.0,1.72,1.34,0.3799999999999999,77.72,77.34,0.37999999999999545,0.6828342597311784,0.5545040554177648
sample,42,20260919031636,20260919031637,723,shared,Dāvis Bertāns,ORL,26,56.0,0.41,0.16,0.24999999999999997,56.41,56.16,0.25,1.8207280151221117,2.1020432580196484
sample,42,20260919031636,20260919031637,729,shared,Sim Bhullar,MIA,26,57.0,-0.09,-0.44,0.35,56.91,56.56,0.3499999999999943,1.7413277182145301,1.1310136688793462
sample,42,20260919031636,20260919031637,738,shared,Tarik Black,CHA,27,43.0,0.02,0.15,-0.13,43.02,43.15,-0.12999999999999545,4.701128168919251,3.009664567369727
sample,42,20260919031636,20260919031637,745,shared,Bojan Bogdanović,ORL,29,49.0,-1.6,-0.75,-0.8500000000000001,47.4,48.25,-0.8500000000000014,3.3211900021382443,2.656704877866717
sample,42,20260919031636,20260919031637,774,shared,Malcolm Brogdon,MIN,26,62.0,0.24,-0.18,0.42,62.24,61.82,0.4200000000000017,0.9224473377429688,0.6723995925944721
sample,42,20260919031636,20260919031637,777,shared,Anthony Brown,IND,26,56.0,0.1,-0.18,0.28,56.1,55.82,0.28000000000000114,1.1055415967851334,1.539906857999253
sample,42,20260919031636,20260919031637,782,shared,Jabari Brown,CHI,26,47.0,0.3,-1.94,2.2399999999999998,47.3,45.06,2.239999999999995,3.365001088147271,3.991961620025621
sample,42,20260919031636,20260919031637,787,shared,Markel Brown,BOS,26,45.0,-0.24,-2.66,2.42,44.76,42.34,2.4199999999999946,3.8902104536563797,2.854095055505087
sample,42,20260919031636,20260919031637,797,shared,Reggie Bullock,ORL,27,56.0,-0.99,-1.28,0.29000000000000004,55.01,54.72,0.28999999999999915,1.9822189382588185,1.2397458195007942
sample,42,20260919031636,20260919031637,798,shared,Trey Burke,BOS,26,65.0,1.87,0.71,1.1600000000000001,66.87,65.71,1.1600000000000108,0.89504810547317,0.7560530150830441
sample,42,20260919031636,20260919031637,802,shared,Dwight Buycks,LAL,29,40.0,-0.36,-2.17,1.81,39.64,37.83,1.8100000000000023,4.61556435806439,3.1271215020988374
sample,42,20260919031636,20260919031637,807,shared,Nick Calathes,NOL,29,42.0,-1.74,-2.69,0.95,40.26,39.31,0.9499999999999957,3.4978203891491444,3.4951481522334076
sample,42,20260919031636,20260919031637,820,shared,Michael Carter-Williams,TOR,27,63.0,0.46,0.62,-0.15999999999999998,63.46,63.62,-0.1599999999999966,0.8923920866769475,0.7355338884171829
sample,42,20260919031636,20260919031637,853,shared,Jordan Clarkson,POR,26,63.0,0.94,0.69,0.25,63.94,63.69,0.25,0.951553753318511,0.8001893715259097
sample,42,20260919031636,20260919031637,887,shared,Jae Crowder (PO),LAL,28,64.0,-0.13,0.54,-0.67,63.87,64.54,-0.6700000000000088,0.8605260312768293,0.6422812876966387
sample,42,20260919031636,20260919031637,912,shared,Nando De Colo,POR,31,61.0,-0.86,-1.38,0.5199999999999999,60.14,59.62,0.5200000000000031,0.9103223982122316,0.7885544888073251
sample,42,20260919031636,20260919031637,914,shared,Bryce Dejean-Jones,HOU,26,34.0,3.07,-1.77,4.84,37.07,32.23,4.840000000000003,6.7348858096249025,4.343472985498766
sample,42,20260919031636,20260919031637,928,shared,Gorgui Dieng,GSW,28,51.0,-1.27,-0.4,-0.87,49.73,50.6,-0.8700000000000045,3.6593729108974533,2.287427208092802
sample,42,20260919031636,20260919031637,1247,shared,Cleanthony Early,BOS,27,53.0,-0.15,1.18,-1.3299999999999998,52.85,54.18,-1.3299999999999983,2.1759706994462227,2.280262256758191
sample,42,20260919031636,20260919031637,1250,shared,Jarell Eddie,BOS,27,51.0,-0.18,-0.49,0.31,50.82,50.51,0.3100000000000023,3.66909010821787,1.9822189382588191
sample,42,20260919031636,20260919031637,1265,shared,James Ennis III,IND,28,36.0,0.06,-2.31,2.37,36.06,33.69,2.3700000000000045,5.080801654714091,4.86316810735595
sample,42,20260919031636,20260919031637,1277,shared,Cristiano Felício,MEM,26,38.0,1.86,-0.12,1.98,39.86,37.88,1.9799999999999969,5.0372751973801675,5.005613011026883
sample,42,20260919031636,20260919031637,1294,shared,Evan Fournier,NOL,26,46.0,0.26,-0.99,1.25,46.26,45.01,1.25,3.125716079572969,2.2450619212625362
sample,42,20260919031636,20260919031637,1331,shared,Rudy Gobert,DEN,26,32.0,1.4,-0.95,2.3499999999999996,33.4,31.05,2.349999999999998,5.4290650645159415,4.495508420590041
sample,42,20260919031636,20260919031637,1341,shared,Jerian Grant,SA,26,53.0,0.23,-1.97,2.2,53.23,51.03,2.1999999999999957,2.7482041886705333,2.217720187102699
sample,42,20260919031636,20260919031637,1361,shared,P.J. Hairston,DAL,26,48.0,-0.65,-2.67,2.02,47.35,45.33,2.020000000000003,3.1506773361878357,3.1206545544941138
sample,42,20260919031636,20260919031637,1375,shared,Tim Hardaway Jr.,NYK,26,51.0,-0.31,-1.93,1.6199999999999999,50.69,49.07,1.6199999999999974,3.422135313077217,2.701496031476043
sample,42,20260919031636,20260919031637,1402,shared,John Henson,IND,28,59.0,-0.6,0.85,-1.45,58.4,59.85,-1.4500000000000028,1.705605730844883,0.7436600722307893
sample,42,20260919031636,20260919031637,1410,shared,Buddy Hield,SAC,26,48.0,0.36,-0.27,0.63,48.36,47.73,0.6300000000000026,3.4334068835899476,2.4364861268771163
sample,42,20260919031636,20260919031637,1426,shared,Rodney Hood,ORL,26,58.0,0.16,-0.31,0.47,58.16,57.69,0.46999999999999886,0.8729376850727674,1.1607642901871755
sample,42,20260919031636,20260919031637,1452,shared,Joe Ingles,ORL,31,52.0,-2.16,-5.27,3.1099999999999994,49.84,46.73,3.1100000000000065,2.4067245858891364,0.8744984132332516
sample,42,20260919031636,20260919031637,1483,shared,John Jenkins,MIA,27,55.0,-0.1,0.07,-0.17,54.9,55.07,-0.1700000000000017,1.4736747170651914,1.2330056894852641
sample,42,20260919031636,20260919031637,1505,shared,Tyler Johnson,ATL,26,57.0,-0.28,-0.78,0.5,56.72,56.22,0.5,0.8537498983243799,0.7730302436358862
sample,42,20260919031636,20260919031637,1519,shared,Kevin Jones,WAS,29,62.0,-0.78,0.87,-1.65,61.22,62.87,-1.6499999999999986,1.1856038822712103,0.9914279060674523
sample,42,20260919031636,20260919031637,1523,shared,Terrence Jones (PO),DAL,26,63.0,0.83,1.07,-0.2400000000000001,63.83,64.07,-0.23999999999999488,0.8171767114754177,0.768771813355628
sample,42,20260919031636,20260919031637,1538,shared,Ryan Kelly,PHI,27,49.0,-0.32,-0.73,0.41,48.68,48.27,0.4099999999999966,3.222020195686883,1.3769751653753983
sample,42,20260919031636,20260919031637,1570,shared,Doron Lamb (PO),PHI,27,60.0,-0.3,-0.78,0.48000000000000004,59.7,59.22,0.480000000000004,1.352140091958976,0.6602723649825094
sample,42,20260919031636,20260919031637,1590,shared,Meyers Leonard,TOR,26,46.0,0.76,3.56,-2.8,46.76,49.56,-2.8000000000000043,3.9494789325155093,2.3020412549287514
sample,42,20260919031636,20260919031637,1597,shared,Damian Lillard,ATL,28,63.0,-0.04,1.13,-1.17,62.96,64.13,-1.1699999999999946,0.8980337668844344,0.6765181207305297
sample,42,20260919031636,20260919031637,1627,shared,Boban Marjanović,LAL,30,55.0,-0.78,0.12,-0.9,54.22,55.12,-0.8999999999999986,1.4604551663537269,0.7691002220225603
sample,42,20260919031636,20260919031637,1656,shared,CJ McCollum,LAL,27,40.0,0.33,-2.4,2.73,40.33,37.6,2.729999999999997,4.512731708704548,2.799711384836629
sample,42,20260919031636,20260919031637,1657,shared,T.J. McConnell,SAC,26,47.0,0.43,-1.86,2.29,47.43,45.14,2.289999999999999,3.4030734771540105,3.0977998057272256
sample,42,20260919031636,20260919031637,1664,shared,Doug McDermott,NOL,26,51.0,1.05,-0.41,1.46,52.05,50.59,1.4599999999999937,3.2516507074457315,2.0404742962202085
sample,42,20260919031636,20260919031637,1696,shared,Quincy Miller,ATL,26,66.0,0.44,-0.3,0.74,66.44,65.7,0.7399999999999949,0.8204458014587637,0.7177405625652734
sample,42,20260919031636,20260919031637,1697,shared,Elijah Millsap,LAL,31,40.0,-1.06,-2.07,1.0099999999999998,38.94,37.93,1.009999999999998,2.537874717319215,1.2890760922913633
sample,42,20260919031636,20260919031637,1702,shared,Nikola Mirotić,TOR,27,67.0,0.3,0.61,-0.31,67.3,67.61,-0.3100000000000023,0.8819171036881966,0.6497085593719789
sample,42,20260919031636,20260919031637,1730,shared,Arnett Moultrie (PO),NYK,28,55.0,-0.18,0.21,-0.39,54.82,55.21,-0.39000000000000057,2.896811203981914,1.1127815725841386
sample,42,20260919031636,20260919031637,1732,shared,Shabazz Muhammad,CHA,26,50.0,-0.53,0.06,-0.5900000000000001,49.47,50.06,-0.5900000000000034,2.9109858096250454,1.9479074501483469
sample,42,20260919031636,20260919031637,1734,shared,Xavier Munford,PHI,26,61.0,0.34,-0.08,0.42000000000000004,61.34,60.92,0.4200000000000017,0.9344149576774298,0.6463573143221771
sample,42,20260919031636,20260919031637,1750,shared,Shabazz Napier,CHA,27,43.0,0.46,0.43,0.030000000000000027,43.46,43.43,0.030000000000001137,3.9909493566915586,3.8645108933013033
sample,42,20260919031636,20260919031637,1756,shared,Raul Neto,GSW,26,58.0,0.19,-0.14,0.33,58.19,57.86,0.3299999999999983,1.098161917004772,0.9213516640723501
sample,42,20260919031636,20260919031637,1791,shared,Victor Oladipo,NOL,26,56.0,-0.3,-1.38,1.0799999999999998,55.7,54.62,1.0800000000000054,1.4389951600707593,1.4339322216065922
sample,42,20260919031636,20260919031637,1794,shared,Kelly Olynyk,LAL,27,60.0,0.01,0.41,-0.39999999999999997,60.01,60.41,-0.3999999999999986,0.9044781965756874,1.2720380529216913
sample,42,20260919031636,20260919031637,1817,shared,Adreian Payne,ATL,27,47.0,0.54,0.5,0.040000000000000036,47.54,47.5,0.03999999999999915,4.250775330347502,2.8230651727682394
sample,42,20260919031636,20260919031637,1899,shared,Austin Rivers,POR,26,49.0,0.34,0.48,-0.13999999999999996,49.34,49.48,-0.13999999999999346,3.811783961571927,3.7456506764378057
sample,42,20260919031636,20260919031637,1911,shared,Thomas Robinson (TO),TOR,27,56.0,-0.3,-0.5,0.2,55.7,55.5,0.20000000000000284,2.6457513110645907,0.7316785737969475
sample,42,20260919031636,20260919031637,1915,shared,Terrence Ross,MIL,27,59.0,-0.52,-0.96,0.43999999999999995,58.48,58.04,0.4399999999999977,0.8584693919818558,0.601681146472284
sample,42,20260919031636,20260919031637,1954,shared,Tornike Shengelia,IND,27,57.0,-0.31,0.03,-0.33999999999999997,56.69,57.03,-0.3400000000000034,1.1780398031381532,1.3062012158016145
sample,42,20260919031636,20260919031637,1990,shared,Tony Snell,MEM,27,61.0,0.06,0.14,-0.08000000000000002,61.06,61.14,-0.0799999999999983,1.042723706104703,0.7109532653097147
sample,42,20260919031636,20260919031637,2001,shared,Alex Stepheson,LAL,31,40.0,-2.31,-6.3,3.9899999999999998,37.69,33.7,3.989999999999995,2.5413549237532425,0.6890192121758832
sample,42,20260919031636,20260919031637,2012,shared,Jared Sullinger,MIL,26,61.0,0.68,-0.1,0.78,61.68,60.9,0.7800000000000011,0.8150106896491752,0.904534033733291
sample,42,20260919031636,20260919031637,2020,shared,Edy Tavares,ATL,26,40.0,2.14,-2.11,4.25,42.14,37.89,4.25,5.939118732028458,3.0547032787510022
sample,42,20260919031636,20260919031637,2024,shared,Tyshawn Taylor,MIA,28,56.0,-1.09,-0.3,-0.79,54.91,55.7,-0.7900000000000063,1.9852740695715372,1.4668044012461754
sample,42,20260919031636,20260919031637,2055,shared,Axel Toupane,NOL,26,32.0,1.49,1.16,0.33000000000000007,33.49,33.16,0.3300000000000054,4.725804939185738,4.0793146582248445
sample,42,20260919031636,20260919031637,2068,shared,Jonas Valančiūnas,SA,26,66.0,0.48,0.63,-0.15000000000000002,66.48,66.63,-0.14999999999999147,0.8466213302106655,0.7474535896541462
sample,42,20260919031636,20260919031637,2113,shared,Travis Wear,BOS,28,36.0,1.21,1.07,0.1399999999999999,37.21,37.07,0.14000000000000057,6.431134810396602,3.1726578094332165
sample,42,20260919031636,20260919031637,2169,shared,Jeff Withey,MEM,28,45.0,-0.73,-2.5,1.77,44.27,42.5,1.7700000000000031,4.338819371136984,3.2051095570553083
sample,42,20260919031636,20260919031637,2175,shared,Delon Wright,CHA,26,45.0,1.33,-0.19,1.52,46.33,44.81,1.519999999999996,3.9236526993415843,3.202571567735005
sample,42,20260919031636,20260919031637,2188,shared,Cody Zeller,NYK,26,51.0,0.12,0.08,0.039999999999999994,51.12,51.08,0.03999999999999915,2.090285370300651,2.268270377413262
sample,42,20260919031636,20260919031637,2190,shared,Tyler Zeller (PO),OKC,28,60.0,-0.36,1.01,-1.37,59.64,61.01,-1.3699999999999974,1.0685589276301901,1.1933739624029902
sample,7,20260919031638,20260919031639,2,shared,Arron Afflalo,DET,33,57.0,-1.49,-1.42,-0.07000000000000006,55.51,55.58,-0.07000000000000028,1.1054959123041623,0.9447355463436593
sample,7,20260919031638,20260919031639,4,shared,Alexis Ajinça,SA,30,58.0,-0.75,-0.36,-0.39,57.25,57.64,-0.39000000000000057,1.0766108438479098,0.5949280577846315
sample,7,20260919031638,20260919031639,7,shared,LaMarcus Aldridge (PO),TOR,33,68.0,-0.77,0.25,-1.02,67.23,68.25,-1.019999999999996,0.9519252156349344,0.625630994607957
sample,7,20260919031638,20260919031639,8,shared,Lavoy Allen,CHI,29,54.0,-1.12,0.17,-1.29,52.88,54.17,-1.2899999999999991,2.221474621720783,1.1981045636565055
sample,7,20260919031638,20260919031639,12,shared,Al-Farouq Aminu,MIN,28,53.0,-1.56,-1.02,-0.54,51.44,51.98,-0.5399999999999991,3.0295514219405186,2.09848430149867
sample,7,20260919031638,20260919031639,16,shared,James Anderson (PO),MEM,29,57.0,-0.6,-0.41,-0.19,56.4,56.59,-0.19000000000000483,1.1634153830577254,1.3640033176297817
sample,7,20260919031638,20260919031639,17,shared,Ryan Anderson (PO),MIA,30,60.0,-0.92,1.13,-2.05,59.08,61.13,-2.0500000000000043,0.9176165876989157,0.7996842811353425
sample,7,20260919031638,20260919031639,18,shared,Carmelo Anthony (PO),MEM,34,72.0,-2.02,-0.93,-1.0899999999999999,69.98,71.07,-1.0899999999999892,0.803778953481992,0.5366374921488415
sample,7,20260919031638,20260919031639,22,shared,Trevor Ariza,MIA,33,59.0,-1.51,-1.44,-0.07000000000000006,57.49,57.56,-0.07000000000000028,0.9155778657672039,0.8798530639495519
sample,7,20260919031638,20260919031639,28,shared,D.J. Augustin,UTA,31,53.0,-1.86,-2.36,0.4999999999999998,51.14,50.64,0.5,1.8258525060194135,1.2020185043702467
sample,7,20260919031638,20260919031639,29,shared,Gustavo Ayón,POR,33,50.0,-3.3,-3.11,-0.18999999999999995,46.7,46.89,-0.18999999999999773,2.0025236603099126,1.4276844288157058
sample,7,20260919031638,20260919031639,35,shared,Andrea Bargnani (PO),SAC,33,64.0,-1.47,-1.56,0.09000000000000008,62.53,62.44,0.09000000000000341,0.9476712552783312,0.6407066805528487
sample,7,20260919031638,20260919031639,41,shared,Brandon Bass,WAS,33,57.0,-2.28,-2.04,-0.23999999999999977,54.72,54.96,-0.240000000000002,1.608562944828317,0.7643575238345105
sample,7,20260919031638,20260919031639,44,shared,Nicolas Batum (PO),TOR,30,63.0,-1.3,-0.47,-0.8300000000000001,61.7,62.53,-0.8299999999999983,0.7177405625652733,0.7581876316905234
sample,7,20260919031638,20260919031639,45,shared,Jerryd Bayless (TO),CHI,30,62.0,-0.83,0.6,-1.43,61.17,62.6,-1.4299999999999997,0.9749902874419113,0.6816498108607268
sample,7,20260919031638,20260919031639,47,shared,Michael Beasley,GSW,29,64.0,-0.71,0.55,-1.26,63.29,64.55,-1.259999999999998,0.8795660086863086,0.6871842709362768
sample,7,20260919031638,20260919031639,50,shared,Marco Belinelli,DET,32,53.0,-2.17,-6.56,4.39,50.83,46.44,4.390000000000001,2.6171732765707283,1.1220471910708116
sample,7,20260919031638,20260919031639,59,shared,Bismack Biyombo,POR,26,56.0,0.53,0.32,0.21000000000000002,56.53,56.32,0.21000000000000085,1.4031350180178241,1.2623531017648564
sample,7,20260919031638,20260919031639,60,shared,DeJuan Blair,MIN,29,56.0,-0.97,-0.26,-0.71,55.03,55.74,-0.7100000000000009,2.9829651033964186,1.040784474918954
sample,7,20260919031638,20260919031639,63,shared,Eric Bledsoe,UTA,29,55.0,-0.75,-1.6,0.8500000000000001,54.25,53.4,0.8500000000000014,2.6718699236469,2.4078994576144157
sample,7,20260919031638,20260919031639,69,shared,Chris Bosh  (PO),ATL,34,64.0,-1.56,-0.78,-0.78,62.44,63.22,-0.7800000000000011,0.9568466729604885,0.746439359339871
sample,7,20260919031638,20260919031639,77,shared,Ronnie Brewer,MIN,33,57.0,-1.81,-3.66,1.85,55.19,53.34,1.8499999999999943,1.211852242885187,0.8192137151629671
sample,7,20260919031638,20260919031639,79,shared,Aaron Brooks (PO),UTA,33,48.0,-3.15,-2.86,-0.29000000000000004,44.85,45.14,-0.28999999999999915,2.4427795064581077,1.4840566843703247
sample,7,20260919031638,20260919031639,80,shared,MarShon Brooks,ORL,29,61.0,-0.3,0.79,-1.09,60.7,61.79,-1.0899999999999963,0.9587449708822043,0.7288430017583493
sample,7,20260919031638,20260919031639,82,shared,Derrick Brown,CLE,31,54.0,-2.72,-6.28,3.56,51.28,47.72,3.5600000000000023,1.7983157103076743,0.9436657514740324
sample,7,20260919031638,20260919031639,84,shared,Shannon Brown,UTA,33,54.0,-3.99,-2.98,-1.0100000000000002,50.01,51.02,-1.0100000000000051,1.720318269825368,1.363151428925568
sample,7,20260919031638,20260919031639,85,shared,Kobe Bryant,DET,40,53.0,-8.9,-5.18,-3.7200000000000006,44.1,47.82,-3.719999999999999,2.042478193694408,1.3286280612919952
sample,7,20260919031638,20260919031639,86,shared,Chase Budinger,OKC,30,57.0,-0.64,-0.41,-0.23000000000000004,56.36,56.59,-0.23000000000000398,1.3447991851889443,0.6528105515091006
sample,7,20260919031638,20260919031639,87,shared,Alec Burks,UTA,27,73.0,0.88,1.02,-0.14,73.88,74.02,-0.14000000000000057,0.8075402232218604,0.6353238258056783
sample,7,20260919031638,20260919031639,92,shared,Andrew Bynum (PO),LAC,31,65.0,-0.81,-0.91,0.09999999999999998,64.19,64.09,0.09999999999999432,0.8250497383231331,0.7120180453961098
sample,7,20260919031638,20260919031639,101,shared,Omri Casspi (PO),CLE,30,59.0,-0.84,-0.52,-0.31999999999999995,58.16,58.48,-0.3200000000000003,1.002219758558194,0.6110100926607785
sample,7,20260919031638,20260919031639,103,shared,Mario Chalmers (PO),MEM,32,58.0,-1.37,-1.88,0.5099999999999998,56.63,56.12,0.5100000000000051,0.9914279060674523,0.8908060134144544
sample,7,20260919031638,20260919031639,109,shared,Earl Clark,ORL,30,51.0,-0.9,-0.56,-0.33999999999999997,50.1,50.44,-0.3399999999999963,2.556433753366892,1.0475560783909077
sample,7,20260919031638,20260919031639,111,shared,Darren Collison,MIA,31,58.0,-1.06,-2.1,1.04,56.94,55.9,1.0399999999999991,0.9300809131739586,0.7587869106393281
sample,7,20260919031638,20260919031639,114,shared,Mike Conley,GSW,31,67.0,-0.77,-1.79,1.02,66.23,65.21,1.0200000000000102,0.7365631354644708,0.6860073327640607
sample,7,20260919031638,20260919031639,117,shared,Daequan Cook (PO),SAC,31,59.0,-1.06,-1.4,0.33999999999999986,57.94,57.6,0.3399999999999963,0.9621104747670954,0.6963106238227914
sample,7,20260919031638,20260919031639,120,shared,DeMarcus Cousins,MIN,28,72.0,-0.57,0.43,-1.0,71.43,72.43,-1.0,0.8439325934114774,1.0075974023649155
sample,7,20260919031638,20260919031639,123,shared,Jamal Crawford,SA,38,53.0,-7.39,-6.16,-1.2299999999999995,45.61,46.84,-1.230000000000004,2.6357871191304003,1.4335095029156573
sample,7,20260919031638,20260919031639,124,shared,Jordan Crawford (PO),IND,30,65.0,-0.55,0.26,-0.81,64.45,65.26,-0.8100000000000023,0.8689364217539193,0.6907761700954349
sample,7,20260919031638,20260919031639,128,shared,Stephen Curry (PO),MEM,30,71.0,0.67,1.99,-1.3199999999999998,71.67,72.99,-1.3199999999999932,0.8534540634292148,0.6741249472052228
sample,7,20260919031638,20260919031639,139,shared,Glen Davis,CHI,32,57.0,-1.02,-1.25,0.22999999999999998,55.98,55.75,0.22999999999999687,1.1007802558717936,0.7299508769967217
sample,7,20260919031638,20260919031639,143,shared,Austin Daye (PO),LAC,30,59.0,-0.26,0.92,-1.1800000000000002,58.74,59.92,-1.1799999999999997,1.0974718422102883,0.5976384502119296
sample,7,20260919031638,20260919031639,146,shared,Luol Deng,HOU,33,63.0,-0.51,-1.12,0.6100000000000001,62.49,61.88,0.6099999999999994,0.9373829893308652,0.6556668284265948
sample,7,20260919031638,20260919031639,157,shared,Goran Dragić,HOU,32,62.0,-0.32,-1.11,0.79,61.68,60.89,0.7899999999999991,0.851380340886777,0.7506899183653352
sample,7,20260919031638,20260919031639,164,shared,Kevin Durant (PO),OKC,30,72.0,0.19,1.45,-1.26,72.19,73.45,-1.2600000000000051,0.8001893715259096,0.7961396760860395
sample,7,20260919031638,20260919031639,168,shared,Monta Ellis (PO),GSW,33,66.0,-1.21,-0.93,-0.2799999999999999,64.79,65.07,-0.2799999999999869,0.8562898593539008,0.685418105828829
sample,7,20260919031638,20260919031639,178,shared,Tyreke Evans (PO),CHI,29,66.0,-0.18,0.98,-1.16,65.82,66.98,-1.1600000000000108,0.8211841659112983,0.6353238258056781
sample,7,20260919031638,20260919031639,181,shared,Kenneth Faried,DEN,29,57.0,-0.35,0.54,-0.89,56.65,57.54,-0.8900000000000006,2.1990585680828483,0.8338786094831402
sample,7,20260919031638,20260919031639,182,shared,Jordan Farmar,POR,32,56.0,-1.56,-2.27,0.71,54.44,53.73,0.7100000000000009,1.3205447299650188,0.9412542674323425
sample,7,20260919031638,20260919031639,183,shared,Derrick Favors,WAS,27,63.0,0.1,0.9,-0.8,63.1,63.9,-0.7999999999999972,0.9481507786158796,0.7587869106393281
sample,7,20260919031638,20260919031639,187,shared,Landry Fields (PO),HOU,30,58.0,-0.81,-0.06,-0.75,57.19,57.94,-0.75,0.9918353561642043,0.7222299921881962
sample,7,20260919031638,20260919031639,198,shared,Channing Frye,DET,35,56.0,-2.87,-4.6,1.7299999999999995,53.13,51.4,1.730000000000004,1.6121696278899778,1.6453178133937252
sample,7,20260919031638,20260919031639,201,shared,Sundiata Gaines,OKC,32,54.0,-1.84,-2.56,0.72,52.16,51.44,0.7199999999999989,2.5808932757884624,1.0571545570898124
sample,7,20260919031638,20260919031639,203,shared,Danilo Gallinari (PO),LAC,30,65.0,-0.71,0.91,-1.62,64.29,65.91,-1.6199999999999903,0.9022418766829678,0.8052228501376734
sample,7,20260919031638,20260919031639,206,shared,Marc Gasol (PO),CLE,33,64.0,-1.14,-1.04,-0.09999999999999987,62.86,62.96,-0.10000000000000142,0.829019135649309,0.6804633002817294
sample,7,20260919031638,20260919031639,208,shared,Rudy Gay,DEN,32,70.0,-1.39,-2.0,0.6100000000000001,68.61,68.0,0.6099999999999994,0.8515582864088137,0.6963106238227914
sample,7,20260919031638,20260919031639,209,shared,Alonzo Gee,IND,31,61.0,-0.55,-1.41,0.8599999999999999,60.45,59.59,0.8599999999999994,0.9031370691409835,0.7925792188682582
sample,7,20260919031638,20260919031639,211,shared,Paul George,LAC,28,70.0,-0.47,0.61,-1.08,69.53,70.61,-1.0799999999999983,1.5272276328119008,0.7771353768420234
sample,7,20260919031638,20260919031639,223,shared,Eric Gordon (PO),OKC,30,59.0,-0.45,0.44,-0.89,58.55,59.44,-0.8900000000000006,1.0286305498481016,0.7954415583355403
sample,7,20260919031638,20260919031639,224,shared,Marcin Gortat,IND,34,60.0,-1.63,-1.69,0.06000000000000005,58.37,58.31,0.05999999999999517,0.89504810547317,0.7343656645656367
sample,7,20260919031638,20260919031639,226,shared,Danny Granger,CHA,35,58.0,-2.69,-2.99,0.30000000000000027,55.31,55.01,0.30000000000000426,0.9815983667138782,0.7452882297839846
sample,7,20260919031638,20260919031639,228,shared,Danny Green,HOU,31,59.0,-1.15,-1.84,0.6900000000000002,57.85,57.16,0.6900000000000048,0.7703468981143128,0.8253557543339244
sample,7,20260919031638,20260919031639,229,shared,Donté Greene (PO),SAC,30,59.0,-0.68,0.22,-0.9,58.32,59.22,-0.8999999999999986,1.127077206895353,0.718865548463464
sample,7,20260919031638,20260919031639,231,shared,Jeff Green,HOU,32,56.0,-0.4,-0.65,0.25,55.6,55.35,0.25,1.0540925533894598,0.8453676505795952
sample,7,20260919031638,20260919031639,234,shared,Blake Griffin (PO),DET,29,66.0,-0.01,1.03,-1.04,65.99,67.03,-1.0400000000000063,1.5666666666666667,0.6105966613307697
sample,7,20260919031638,20260919031639,243,shared,James Harden (PO),DET,29,73.0,0.08,0.6,-0.52,73.08,73.6,-0.519999999999996,0.8,0.6513389472789296
sample,7,20260919031638,20260919031639,245,shared,Josh Harrellson,SA,29,56.0,-1.12,-0.95,-0.17000000000000015,54.88,55.05,-0.1699999999999946,2.800721407787716,1.1579762911688178
sample,7,20260919031638,20260919031639,247,shared,Devin Harris,MIA,35,56.0,-3.21,-4.49,1.2800000000000002,52.79,51.51,1.2800000000000011,1.67751018001096,1.2185021439240369
sample,7,20260919031638,20260919031639,248,shared,Manny Harris,WAS,29,66.0,-0.28,1.08,-1.36,65.72,67.08,-1.3599999999999994,0.8297498710363554,0.6768912897813194
sample,7,20260919031638,20260919031639,258,shared,Gordon Hayward,UTA,28,73.0,-0.16,0.99,-1.15,72.84,73.99,-1.1499999999999915,0.8494799359703333,1.010000500049881
sample,7,20260919031638,20260919031639,265,shared,Roy Hibbert,SA,32,61.0,-1.2,-1.46,0.26,59.8,59.54,0.259999999999998,0.9949366763261822,0.7166138105949073
sample,7,20260919031638,20260919031639,269,shared,George Hill,GSW,32,54.0,-1.87,-2.66,0.79,52.13,51.34,0.7899999999999991,1.9209372712298547,1.4014422585466741
sample,7,20260919031638,20260919031639,271,shared,Jordan Hill,DAL,31,61.0,-1.06,-1.23,0.16999999999999993,59.94,59.77,0.1699999999999946,0.7890667035341579,0.8510836823388369
sample,7,20260919031638,20260919031639,274,shared,Jrue Holiday (PO),CLE,28,71.0,0.27,0.52,-0.25,71.27,71.52,-0.25,0.8022065529122494,0.6739001514626733
sample,7,20260919031638,20260919031639,277,shared,Al Horford,DAL,32,61.0,-0.42,-0.12,-0.3,60.58,60.88,-0.30000000000000426,0.9553676113032473,0.6400757530925302
sample,7,20260919031638,20260919031639,280,shared,Dwight Howard (PO),WAS,33,74.0,-0.29,-0.3,0.010000000000000009,73.71,73.7,0.009999999999990905,0.7823172003862641,0.6741998624632421
sample,7,20260919031638,20260919031639,287,shared,Kris Humphries (PO),NYK,33,57.0,-1.79,-1.54,-0.25,55.21,55.46,-0.25,1.1036669824185226,0.8694593699303009
sample,7,20260919031638,20260919031639,289,shared,Andre Iguodala (PO),LAC,34,65.0,-1.51,-1.15,-0.3600000000000001,63.49,63.85,-0.35999999999999943,0.8818598344843511,0.6723244767373875
sample,7,20260919031638,20260919031639,290,shared,Ersan İlyasova (PO),OKC,31,65.0,-0.49,-0.86,0.37,64.51,64.14,0.37000000000000455,0.8818598344843515,0.7250217690914981
sample,7,20260919031638,20260919031639,291,shared,Kyrie Irving,MIN,26,68.0,2.22,1.19,1.0300000000000002,70.22,69.19,1.0300000000000011,0.8713161993168264,0.6918720031095843
sample,7,20260919031638,20260919031639,295,shared,Jarrett Jack,NOL,35,52.0,-4.5,-6.65,2.1500000000000004,47.5,45.35,2.1499999999999986,1.5986105077709065,1.4381174563233072
sample,7,20260919031638,20260919031639,299,shared,LeBron James (PO),CLE,34,76.0,-0.73,-0.17,-0.5599999999999999,75.27,75.83,-0.5600000000000023,0.7365631354644709,0.47258156262526085
sample,7,20260919031638,20260919031639,303,shared,Al Jefferson (PO),WAS,33,63.0,-1.38,-1.45,0.07000000000000006,61.62,61.55,0.07000000000000028,1.0710138687574065,0.6871842709362767
sample,7,20260919031638,20260919031639,308,shared,Brandon Jennings (PO),IND,29,66.0,0.36,1.27,-0.91,66.36,67.27,-0.9099999999999966,0.7979772407579535,0.708605117199426
sample,7,20260919031638,20260919031639,309,shared,Jonas Jerebko (TO),CHI,31,64.0,-0.83,-0.65,-0.17999999999999994,63.17,63.35,-0.17999999999999972,0.8768054965543265,0.7159792333764037
sample,7,20260919031638,20260919031639,318,shared,James Johnson,HOU,31,58.0,-1.0,-3.04,2.04,57.0,54.96,2.039999999999999,0.9101004495564365,0.5490119683705824
sample,7,20260919031638,20260919031639,320,shared,Joe Johnson (PO),TOR,37,58.0,-3.23,-3.48,0.25,54.77,54.52,0.25,1.2780588184564683,1.0394248603934968
sample,7,20260919031638,20260919031639,332,shared,DeAndre Jordan,SAC,30,58.0,-1.04,-0.25,-0.79,56.96,57.75,-0.7899999999999991,1.0817120735671806,0.821122660899347
sample,7,20260919031638,20260919031639,337,shared,Enes Kanter,LAL,26,66.0,1.4,1.32,0.07999999999999985,67.4,67.32,0.0800000000000125,0.8528028654224418,0.8025212794938238
sample,7,20260919031638,20260919031639,342,shared,Andrei Kirilenko,UTA,37,55.0,-7.4,-7.46,0.05999999999999961,47.6,47.54,0.060000000000002274,1.4702435722070546,1.6962227793458367
sample,7,20260919031638,20260919031639,343,shared,Linas Kleiza (PO),LAL,33,61.0,-2.13,-1.42,-0.71,58.87,59.58,-0.7100000000000009,0.8487066809581681,0.7677857445244405
sample,7,20260919031638,20260919031639,344,shared,Brandon Knight,CHA,27,67.0,0.19,0.66,-0.47000000000000003,67.19,67.66,-0.46999999999999886,0.8250497383231333,0.7415517445863034
sample,7,20260919031638,20260919031639,346,shared,Kosta Koufos (TO),LAC,29,61.0,-0.3,0.88,-1.18,60.7,61.88,-1.1799999999999997,0.9265990819042819,0.6857864319910612
sample,7,20260919031638,20260919031639,350,shared,Ty Lawson,DEN,31,68.0,-0.38,-1.26,0.88,67.62,66.74,0.8800000000000097,0.8619920550853721,0.7992420652017002
sample,7,20260919031638,20260919031639,351,shared,Courtney Lee,SAC,33,57.0,-1.75,-1.51,-0.24,55.25,55.49,-0.240000000000002,1.1838560518556096,0.8586458683722453
sample,7,20260919031638,20260919031639,352,shared,David Lee,DET,35,57.0,-3.23,-4.63,1.4,53.77,52.37,1.4000000000000057,1.4761059883656353,1.345812810613765
sample,7,20260919031638,20260919031639,354,shared,Kawhi Leonard,SA,27,75.0,0.16,0.54,-0.38,75.16,75.54,-0.38000000000000966,0.8612886750783282,0.7023769168568492
sample,7,20260919031638,20260919031639,359,shared,Jeremy Lin,MIA,30,57.0,-0.41,0.19,-0.6,56.59,57.19,-0.5999999999999943,0.9544684913657971,0.7479939501726932
sample,7,20260919031638,20260919031639,361,shared,Brook Lopez (TO),UTA,30,62.0,-1.09,0.91,-2.0,60.91,62.91,-2.0,0.9544684913657973,0.7260659179246174
sample,7,20260919031638,20260919031639,362,shared,Robin Lopez,DET,30,54.0,-1.56,-1.25,-0.31000000000000005,52.44,52.75,-0.3100000000000023,2.383953087464668,1.1838560518556094
sample,7,20260919031638,20260919031639,363,shared,Kevin Love (PO),SAC,30,77.0,0.26,1.3,-1.04,77.26,78.3,-1.039999999999992,0.7333333333333333,0.4605661864718382
sample,7,20260919031638,20260919031639,365,shared,Kyle Lowry,SA,32,65.0,0.16,-0.73,0.89,65.16,64.27,0.8900000000000006,0.8729376850727673,0.8859737552261324
sample,7,20260919031638,20260919031639,381,shared,Kevin Martin (PO),HOU,35,64.0,-1.78,-2.32,0.5399999999999998,62.22,61.68,0.5399999999999991,0.7188655484634641,0.7504880566886613
sample,7,20260919031638,20260919031639,384,shared,Wesley Matthews (PO),WAS,32,64.0,-1.19,-2.03,0.8399999999999999,62.81,61.97,0.8400000000000034,0.8372031359885669,0.7447459060958068
sample,7,20260919031638,20260919031639,387,shared,O.J. Mayo (PO),LAC,31,62.0,-0.75,-1.37,0.6200000000000001,61.25,60.63,0.6199999999999974,0.9782999065065412,0.69128777501037
sample,7,20260919031638,20260919031639,388,shared,Luc Mbah a Moute,MEM,32,53.0,-1.77,-2.13,0.3599999999999999,51.23,50.87,0.35999999999999943,2.17355548223261,1.2444218973426409
sample,7,20260919031638,20260919031639,390,shared,JaVale McGee (PO),MIA,30,60.0,-0.74,0.53,-1.27,59.26,60.53,-1.2700000000000031,0.916955877241692,0.731057073315377
sample,7,20260919031638,20260919031639,397,shared,Jodie Meeks,POR,31,52.0,-1.91,-2.56,0.6500000000000001,50.09,49.44,0.6500000000000057,2.301053777044006,1.3128733235298689
sample,7,20260919031638,20260919031639,406,shared,Paul Millsap (PO),UTA,33,68.0,-1.14,-0.66,-0.47999999999999987,66.86,67.34,-0.480000000000004,0.7388224318864348,0.6391281940932104
sample,7,20260919031638,20260919031639,412,shared,Greg Monroe,UTA,28,56.0,-0.04,1.41,-1.45,55.96,57.41,-1.4499999999999957,1.2785724362536035,1.2316942425255981
sample,7,20260919031638,20260919031639,414,shared,E'Twaun Moore,LAL,29,40.0,-0.01,-3.33,3.3200000000000003,39.99,36.67,3.3200000000000003,5.186413875587726,3.755279112412446
sample,7,20260919031638,20260919031639,416,shared,Darius Morris (PO),WAS,27,59.0,0.1,0.16,-0.06,59.1,59.16,-0.05999999999999517,1.5142421513513922,1.1166327448488544
sample,7,20260919031638,20260919031639,419,shared,Anthony Morrow,OKC,33,57.0,-1.94,-1.75,-0.18999999999999995,55.06,55.25,-0.18999999999999773,1.2128936932440169,0.8333333333333335
sample,7,20260919031638,20260919031639,432,shared,Joakim Noah (PO),MEM,33,62.0,-0.59,-0.18,-0.41,61.41,61.82,-0.4100000000000037,0.9000000000000001,0.7704124567628391
sample,7,20260919031638,20260919031639,434,shared,Steve Novak,DET,35,53.0,-4.05,-5.92,1.87,48.95,47.08,1.8700000000000045,2.664298190609461,1.2924020389580908
sample,7,20260919031638,20260919031639,435,shared,Dirk Nowitzki,DAL,40,50.0,-10.13,-6.15,-3.9800000000000004,39.87,43.85,-3.980000000000004,2.2770484173485404,1.2663077641455704
sample,7,20260919031638,20260919031639,436,shared,Greg Oden,OKC,30,59.0,-0.29,1.16,-1.45,58.71,60.16,-1.4499999999999957,1.1218221108914053,0.8612886750783282
sample,7,20260919031638,20260919031639,446,shared,Zaza Pachulia,CLE,34,54.0,-3.62,-5.38,1.7599999999999998,50.38,48.62,1.7600000000000051,1.8574447529068019,1.0128467731392472
sample,7,20260919031638,20260919031639,451,shared,Tony Parker,OKC,36,57.0,-3.2,-3.47,0.27,53.8,53.53,0.269999999999996,1.740776559556978,1.0488570017409475
sample,7,20260919031638,20260919031639,454,shared,Chris Paul (PO),LAC,33,77.0,-0.39,-0.72,0.32999999999999996,76.61,76.28,0.3299999999999983,0.723278171336114,0.6043612539305654
sample,7,20260919031638,20260919031639,457,shared,Nikola Peković,MEM,32,56.0,-0.91,-1.45,0.5399999999999999,55.09,54.55,0.5400000000000063,1.1555312740261616,0.6871842709362765
sample,7,20260919031638,20260919031639,464,shared,Paul Pierce (PO),MIA,41,55.0,-9.38,-5.58,-3.8000000000000007,45.62,49.42,-3.8000000000000043,1.6500994766462664,1.288488269330389
sample,7,20260919031638,20260919031639,481,shared,Zach Randolph,OKC,37,52.0,-5.54,-5.12,-0.41999999999999993,46.46,46.88,-0.4200000000000017,2.854802793521645,1.3653726320101864
sample,7,20260919031638,20260919031639,483,shared,JJ Redick,DEN,34,57.0,-1.27,-1.15,-0.1200000000000001,55.73,55.85,-0.12000000000000455,0.8744984132332516,0.6415731927193978
sample,7,20260919031638,20260919031639,493,shared,Nate Robinson,SAC,34,56.0,-1.77,-1.54,-0.22999999999999998,54.23,54.46,-0.23000000000000398,1.2621530426340157,0.6878454136877798
sample,7,20260919031638,20260919031639,497,shared,Rajon Rondo (TO),UTA,32,67.0,-0.55,-1.11,0.56,66.45,65.89,0.5600000000000023,0.8689364217539194,0.750689918365335
sample,7,20260919031638,20260919031639,498,shared,Derrick Rose (PO),OKC,30,64.0,0.03,1.38,-1.3499999999999999,64.03,65.38,-1.3499999999999943,0.9369518599580171,0.7625051746802387
sample,7,20260919031638,20260919031639,515,shared,Kevin Séraphin (PO),WAS,29,58.0,-0.95,-0.04,-0.9099999999999999,57.05,57.96,-0.9100000000000037,1.8660983983496777,0.6951491374031356
sample,7,20260919031638,20260919031639,516,shared,Ramon Sessions,CHA,32,58.0,-0.66,-1.51,0.85,57.34,56.49,0.8500000000000014,0.878704280245187,0.717670192393766
sample,7,20260919031638,20260919031639,519,shared,Iman Shumpert (PO),CHI,28,59.0,-0.49,-0.23,-0.26,58.51,58.77,-0.2600000000000051,1.3295020712942711,0.7227193316379688
sample,7,20260919031638,20260919031639,526,shared,Donald Sloan,MIN,30,54.0,-2.01,-1.97,-0.039999999999999813,51.99,52.03,-0.03999999999999915,2.0621406941390403,1.0866964115653879
sample,7,20260919031638,20260919031639,528,shared,Greg Smith,POR,27,60.0,-0.05,-0.28,0.23000000000000004,59.95,59.72,0.23000000000000398,0.8453676505795954,0.6369117408688315
sample,7,20260919031638,20260919031639,532,shared,Josh Smith (PO),SAC,33,70.0,-0.14,-0.24,0.09999999999999998,69.86,69.76,0.09999999999999432,0.8290191356493087,0.6834257143762644
sample,7,20260919031638,20260919031639,533,shared,J.R. Smith (PO),WAS,33,58.0,-1.95,-1.65,-0.30000000000000004,56.05,56.35,-0.30000000000000426,1.282161999881214,0.6871842709362765
sample,7,20260919031638,20260919031639,536,shared,Tiago Splitter,SAC,33,57.0,-1.76,-1.7,-0.06000000000000005,55.24,55.3,-0.05999999999999517,1.2642720586898368,0.6435381994422819
sample,7,20260919031638,20260919031639,545,shared,Rodney Stuckey (PO),CHI,32,64.0,-1.29,-1.73,0.43999999999999995,62.71,62.27,0.4399999999999977,0.967084549174748,0.6794977348874474
sample,7,20260919031638,20260919031639,547,shared,Jeff Teague (PO),DET,30,69.0,-0.06,1.07,-1.1300000000000001,68.94,70.07,-1.1299999999999955,0.8017657281452498,0.7555184185763314
sample,7,20260919031638,20260919031639,553,shared,Isaiah Thomas,DAL,29,55.0,-0.45,-0.06,-0.39,54.55,54.94,-0.39000000000000057,2.166666666666667,1.229436924577732
sample,7,20260919031638,20260919031639,560,shared,Klay Thompson,MIN,28,63.0,-0.7,-0.05,-0.6499999999999999,62.3,62.95,-0.6500000000000057,0.9481507786158797,0.7299508769967217
sample,7,20260919031638,20260919031639,562,shared,Tristan Thompson,NYK,27,54.0,-0.74,-1.05,0.31000000000000005,53.26,52.95,0.30999999999999517,2.611629005162498,1.659834481221096
sample,7,20260919031638,20260919031639,564,shared,Marcus Thornton (TO),CHI,31,62.0,-0.89,-1.09,0.20000000000000007,61.11,60.91,0.20000000000000284,1.053085893453093,0.8176709965419212
sample,7,20260919031638,20260919031639,580,shared,Greivis Vásquez (PO),MIN,31,61.0,-0.56,-1.54,0.98,60.44,59.46,0.9799999999999969,1.0182178925788314,0.6100173867368143
sample,7,20260919031638,20260919031639,585,shared,Dwyane Wade (PO),OKC,36,62.0,-2.59,-2.84,0.25,59.41,59.16,0.25,0.8176709965419212,0.7208300490378851
sample,7,20260919031638,20260919031639,589,shared,Kemba Walker,WAS,28,69.0,-0.21,0.4,-0.61,68.79,69.4,-0.6099999999999994,0.7692971999287284,0.8040302522073698
sample,7,20260919031638,20260919031639,593,shared,John Wall,POR,28,62.0,0.56,1.27,-0.71,62.56,63.27,-0.7100000000000009,0.9025217197084258,0.6794977348874472
sample,7,20260919031638,20260919031639,604,shared,Russell Westbrook (PO),OKC,30,78.0,0.47,0.62,-0.15000000000000002,78.47,78.62,-0.15000000000000568,0.6735253251633255,0.4878317312145634
sample,7,20260919031638,20260919031639,618,shared,Deron Williams,HOU,34,61.0,-1.52,-1.48,-0.040000000000000036,59.48,59.52,-0.04000000000000625,0.8816880045536161,0.6739001514626733
sample,7,20260919031638,20260919031639,619,shared,Derrick Williams,IND,27,49.0,-0.77,-0.08,-0.6900000000000001,48.23,48.92,-0.6900000000000048,3.0578760701843457,2.464618314129682
sample,7,20260919031638,20260919031639,621,shared,Jordan Williams,DET,28,66.0,-0.15,0.73,-0.88,65.85,66.73,-0.8800000000000097,0.9142530206997327,0.7227193316379686
sample,7,20260919031638,20260919031639,622,shared,Lou Williams (PO),CHI,32,66.0,-0.57,-0.94,0.37,65.43,65.06,0.37000000000000455,0.8791065253018446,0.722229992188196
sample,7,20260919031638,20260919031639,624,shared,Marvin Williams (TO),SAC,32,62.0,-0.54,-1.21,0.6699999999999999,61.46,60.79,0.6700000000000017,0.9472981248655237,0.6558978733019494
sample,7,20260919031638,20260919031639,625,shared,Reggie Williams,CHI,32,54.0,-2.07,-5.39,3.32,51.93,48.61,3.3200000000000003,1.804903534174823,0.8864296789692769
sample,7,20260919031638,20260919031639,631,shared,Brandan Wright,SA,31,57.0,-0.96,-1.49,0.53,56.04,55.51,0.5300000000000011,1.072333432239707,0.5594911107696913
sample,7,20260919031638,20260919031639,633,shared,Dorell Wright (PO),MIN,33,65.0,-1.65,-1.53,-0.11999999999999988,63.35,63.47,-0.11999999999999744,0.7833494518006403,0.6735253251633257
sample,7,20260919031638,20260919031639,637,shared,Thaddeus Young,CLE,30,67.0,-0.52,0.5,-1.02,66.48,67.5,-1.019999999999996,0.8584693919818557,0.5595813731096785
sample,7,20260919031638,20260919031639,668,shared,Thanasis Antetokounmpo,DEN,26,43.0,0.85,-0.92,1.77,43.85,42.08,1.7700000000000031,4.93467426493483,4.217998951104083
sample,7,20260919031638,20260919031639,672,shared,Keith Appling,UTA,26,38.0,2.05,4.34,-2.29,40.05,42.34,-2.2900000000000063,3.812194680604374,3.9369269664795588
sample,7,20260919031638,20260919031639,698,shared,Harrison Barnes,TOR,26,76.0,1.65,1.36,0.2899999999999998,77.65,77.36,0.29000000000000625,0.7159792333764037,0.6279677016721754
sample,7,20260919031638,20260919031639,723,shared,Dāvis Bertāns,ORL,26,56.0,0.36,0.02,0.33999999999999997,56.36,56.02,0.3399999999999963,2.0126870325286768,1.3407370202898694
sample,7,20260919031638,20260919031639,729,shared,Sim Bhullar,MIA,26,57.0,-0.16,-0.05,-0.11,56.84,56.95,-0.10999999999999943,1.4614231337150705,2.1619996355786983
sample,7,20260919031638,20260919031639,738,shared,Tarik Black,CHA,27,43.0,0.4,0.43,-0.02999999999999997,43.4,43.43,-0.030000000000001137,3.9260847436270936,3.009261797460727
sample,7,20260919031638,20260919031639,745,shared,Bojan Bogdanović,ORL,29,49.0,-1.24,-1.15,-0.09000000000000008,47.76,47.85,-0.09000000000000341,4.415583057465201,1.486470975026408
sample,7,20260919031638,20260919031639,774,shared,Malcolm Brogdon,MIN,26,62.0,0.23,-0.17,0.4,62.23,61.83,0.3999999999999986,0.9412542674323426,0.7114503609961951
sample,7,20260919031638,20260919031639,777,shared,Anthony Brown,IND,26,56.0,0.24,-0.22,0.45999999999999996,56.24,55.78,0.46000000000000085,1.0552418459933028,1.6054201124234544
sample,7,20260919031638,20260919031639,782,shared,Jabari Brown,CHI,26,47.0,0.68,-1.67,2.35,47.68,45.33,2.3500000000000014,3.961634189895056,4.180413685971591
sample,7,20260919031638,20260919031639,787,shared,Markel Brown,BOS,26,45.0,-0.61,-2.34,1.73,44.39,42.66,1.730000000000004,3.34511554057524,3.3460967762997593
sample,7,20260919031638,20260919031639,797,shared,Reggie Bullock,ORL,27,56.0,-0.9,-1.49,0.59,55.1,54.51,0.5900000000000034,0.9692233691951196,0.9373829893308653
sample,7,20260919031638,20260919031639,798,shared,Trey Burke,BOS,26,65.0,1.88,0.9,0.9799999999999999,66.88,65.9,0.9799999999999898,1.0078479923865382,1.0871146130092182
sample,7,20260919031638,20260919031639,802,shared,Dwight Buycks,LAL,29,40.0,0.05,-2.14,2.19,40.05,37.86,2.1899999999999977,6.027504299526305,2.9882598564544165
sample,7,20260919031638,20260919031639,807,shared,Nick Calathes,NOL,29,42.0,-0.81,-2.56,1.75,41.19,39.44,1.75,4.416898221488684,3.619029391615069
sample,7,20260919031638,20260919031639,820,shared,Michael Carter-Williams,TOR,27,63.0,0.47,0.57,-0.09999999999999998,63.47,63.57,-0.10000000000000142,0.9582707489445915,0.6072790781740126
sample,7,20260919031638,20260919031639,853,shared,Jordan Clarkson,POR,26,63.0,1.02,0.66,0.36,64.02,63.66,0.35999999999999943,0.9209130295966105,0.8314524227597941
sample,7,20260919031638,20260919031639,887,shared,Jae Crowder (PO),LAL,28,64.0,0.12,0.73,-0.61,64.12,64.73,-0.6099999999999994,0.844231764817738,1.1534314198963196
sample,7,20260919031638,20260919031639,912,shared,Nando De Colo,POR,31,61.0,-0.72,-1.31,0.5900000000000001,60.28,59.69,0.5900000000000034,0.8297498710363553,0.7874649262672021
sample,7,20260919031638,20260919031639,914,shared,Bryce Dejean-Jones,HOU,26,34.0,1.3,-1.28,2.58,35.3,32.72,2.5799999999999983,4.418738793507999,5.706774283890394
sample,7,20260919031638,20260919031639,928,shared,Gorgui Dieng,GSW,28,51.0,-1.69,-0.55,-1.14,49.31,50.45,-1.1400000000000006,2.7476160465745467,1.7371461561068393
sample,7,20260919031638,20260919031639,1247,shared,Cleanthony Early,BOS,27,53.0,-0.08,1.03,-1.11,52.92,54.03,-1.1099999999999994,2.414936684867575,1.5599469040433211
sample,7,20260919031638,20260919031639,1250,shared,Jarell Eddie,BOS,27,51.0,-0.36,-0.09,-0.27,50.64,50.91,-0.269999999999996,3.154346047899467,2.335907670791944
sample,7,20260919031638,20260919031639,1265,shared,James Ennis III,IND,28,36.0,0.66,-2.32,2.98,36.66,33.68,2.979999999999997,6.1038487609843095,4.310850767938314
sample,7,20260919031638,20260919031639,1277,shared,Cristiano Felício,MEM,26,38.0,1.15,-0.57,1.7199999999999998,39.15,37.43,1.7199999999999989,4.321370433582664,4.3444031101911325
sample,7,20260919031638,20260919031639,1294,shared,Evan Fournier,NOL,26,46.0,0.14,-0.84,0.98,46.14,45.16,0.980000000000004,3.3665616545278616,3.080469595580019
sample,7,20260919031638,20260919031639,1331,shared,Rudy Gobert,DEN,26,32.0,1.0,-0.67,1.67,33.0,31.33,1.6700000000000017,5.354126134736337,5.208879365316905
sample,7,20260919031638,20260919031639,1341,shared,Jerian Grant,SA,26,53.0,0.37,-2.43,2.8000000000000003,53.37,50.57,2.799999999999997,2.385372088375313,1.5715590920477602
sample,7,20260919031638,20260919031639,1361,shared,P.J. Hairston,DAL,26,48.0,-1.01,-3.05,2.04,46.99,44.95,2.039999999999999,3.186128393742811,2.1337830965283944
sample,7,20260919031638,20260919031639,1375,shared,Tim Hardaway Jr.,NYK,26,51.0,-0.63,-1.75,1.12,50.37,49.25,1.1199999999999974,2.6917569644296564,3.0330669213677024
sample,7,20260919031638,20260919031639,1402,shared,John Henson,IND,28,59.0,-0.57,0.7,-1.27,58.43,59.7,-1.2700000000000031,1.8104913111856646,0.7035264706814484
sample,7,20260919031638,20260919031639,1410,shared,Buddy Hield,SAC,26,48.0,0.98,0.08,0.9,48.98,48.08,0.8999999999999986,4.037651082328222,2.5689678782725096
sample,7,20260919031638,20260919031639,1426,shared,Rodney Hood,ORL,26,58.0,0.0,-0.46,0.46,58.0,57.54,0.46000000000000085,1.263312944586414,0.6878454136877798
sample,7,20260919031638,20260919031639,1452,shared,Joe Ingles,ORL,31,52.0,-2.15,-5.23,3.0800000000000005,49.85,46.77,3.0799999999999983,2.275805995530579,1.0035794523463089
sample,7,20260919031638,20260919031639,1483,shared,John Jenkins,MIA,27,55.0,0.19,0.45,-0.26,55.19,55.45,-0.2600000000000051,2.5492918406665193,1.305582419667734
sample,7,20260919031638,20260919031639,1505,shared,Tyler Johnson,ATL,26,57.0,-0.1,-0.69,0.59,56.9,56.31,0.5899999999999963,1.2018504251546631,1.8073642844113238
sample,7,20260919031638,20260919031639,1519,shared,Kevin Jones,WAS,29,62.0,-0.65,0.82,-1.47,61.35,62.82,-1.4699999999999989,1.0384039812533599,0.7437279832918169
sample,7,20260919031638,20260919031639,1523,shared,Terrence Jones (PO),DAL,26,63.0,0.86,1.03,-0.17000000000000004,63.86,64.03,-0.1700000000000017,0.9103223982122312,0.7028800779936816
sample,7,20260919031638,20260919031639,1538,shared,Ryan Kelly,PHI,27,49.0,0.18,-0.8,0.98,49.18,48.2,0.9799999999999969,3.734577714691542,1.6757329166907264
sample,7,20260919031638,20260919031639,1570,shared,Doron Lamb (PO),PHI,27,60.0,-0.55,-0.72,0.16999999999999993,59.45,59.28,0.1700000000000017,0.8918825850158446,0.620849857416868
sample,7,20260919031638,20260919031639,1590,shared,Meyers Leonard,TOR,26,46.0,0.84,3.45,-2.6100000000000003,46.84,49.45,-2.6099999999999994,3.2246525143624143,2.0018930434905253
sample,7,20260919031638,20260919031639,1597,shared,Damian Lillard,ATL,28,63.0,-0.1,1.33,-1.4300000000000002,62.9,64.33,-1.4299999999999997,0.8348471099367217,0.8047209190618557
sample,7,20260919031638,20260919031639,1627,shared,Boban Marjanović,LAL,30,55.0,-0.83,0.23,-1.06,54.17,55.23,-1.0599999999999952,1.3784415149367095,0.8391313449880262
sample,7,20260919031638,20260919031639,1656,shared,CJ McCollum,LAL,27,40.0,0.68,-1.34,2.02,40.68,38.66,2.020000000000003,4.91108825809391,4.889113860755788
sample,7,20260919031638,20260919031639,1657,shared,T.J. McConnell,SAC,26,47.0,0.91,-0.88,1.79,47.91,46.12,1.7899999999999991,3.539374481059007,4.795368135561184
sample,7,20260919031638,20260919031639,1664,shared,Doug McDermott,NOL,26,51.0,-0.05,-0.62,0.57,50.95,50.38,0.5700000000000003,2.491906089642216,2.058635421336133
sample,7,20260919031638,20260919031639,1696,shared,Quincy Miller,ATL,26,66.0,0.41,-0.29,0.7,66.41,65.71,0.7000000000000028,0.9111542241585779,0.7560530150830442
sample,7,20260919031638,20260919031639,1697,shared,Elijah Millsap,LAL,31,40.0,-0.83,-2.31,1.48,39.17,37.69,1.480000000000004,2.582204054248575,1.2688577540449522
sample,7,20260919031638,20260919031639,1702,shared,Nikola Mirotić,TOR,27,67.0,0.14,0.57,-0.42999999999999994,67.14,67.57,-0.4299999999999926,0.8764021953879441,0.7555184185763314
sample,7,20260919031638,20260919031639,1730,shared,Arnett Moultrie (PO),NYK,28,55.0,-0.43,0.31,-0.74,54.57,55.31,-0.740000000000002,2.0163723802307887,1.6859191061030276
sample,7,20260919031638,20260919031639,1732,shared,Shabazz Muhammad,CHA,26,50.0,-1.11,0.06,-1.1700000000000002,48.89,50.06,-1.1700000000000017,1.8526257642120343,2.688621741466596
sample,7,20260919031638,20260919031639,1734,shared,Xavier Munford,PHI,26,61.0,0.23,0.01,0.22,61.23,61.01,0.21999999999999886,0.9412542674323425,0.6275654418770872
sample,7,20260919031638,20260919031639,1750,shared,Shabazz Napier,CHA,27,43.0,-0.07,0.05,-0.12000000000000001,42.93,43.05,-0.11999999999999744,4.880915214724932,3.0529833066538488
sample,7,20260919031638,20260919031639,1756,shared,Raul Neto,GSW,26,58.0,0.49,-0.21,0.7,58.49,57.79,0.7000000000000028,1.0963207522979725,0.7288430017583492
sample,7,20260919031638,20260919031639,1791,shared,Victor Oladipo,NOL,26,56.0,-0.19,-1.22,1.03,55.81,54.78,1.0300000000000011,2.281657203867311,2.086899977275268
sample,7,20260919031638,20260919031639,1794,shared,Kelly Olynyk,LAL,27,60.0,0.0,0.41,-0.41,60.0,60.41,-0.4099999999999966,0.8989331499509895,0.9959006887326575
sample,7,20260919031638,20260919031639,1817,shared,Adreian Payne,ATL,27,47.0,0.01,0.72,-0.71,47.01,47.72,-0.7100000000000009,4.814739574651693,3.5987652203375413
sample,7,20260919031638,20260919031639,1899,shared,Austin Rivers,POR,26,49.0,0.24,-0.23,0.47,49.24,48.77,0.46999999999999886,3.005449595772199,2.3988844208603433
sample,7,20260919031638,20260919031639,1911,shared,Thomas Robinson (TO),TOR,27,56.0,-0.46,-0.42,-0.040000000000000036,55.54,55.58,-0.03999999999999915,1.6902572872109427,0.7545150292028179
sample,7,20260919031638,20260919031639,1915,shared,Terrence Ross,MIL,27,59.0,-0.7,-0.7,0.0,58.3,58.3,0.0,1.5666989036012806,1.3446489534747752
sample,7,20260919031638,20260919031639,1954,shared,Tornike Shengelia,IND,27,57.0,-0.33,-0.31,-0.020000000000000018,56.67,56.69,-0.01999999999999602,2.094027099860337,0.7479939501726932
sample,7,20260919031638,20260919031639,1990,shared,Tony Snell,MEM,27,61.0,0.01,0.12,-0.11,61.01,61.12,-0.10999999999999943,0.9897964284119082,0.8199531891048611
sample,7,20260919031638,20260919031639,2001,shared,Alex Stepheson,LAL,31,40.0,-2.44,-6.36,3.9200000000000004,37.56,33.64,3.9200000000000017,2.442552068239408,0.6438520439863918
sample,7,20260919031638,20260919031639,2012,shared,Jared Sullinger,MIL,26,61.0,0.71,0.01,0.7,61.71,61.01,0.7000000000000028,0.9022418766829681,0.7034546786030247
sample,7,20260919031638,20260919031639,2020,shared,Edy Tavares,ATL,26,40.0,0.99,-2.16,3.1500000000000004,40.99,37.84,3.1499999999999986,4.991902534013551,2.5573028721287545
sample,7,20260919031638,20260919031639,2024,shared,Tyshawn Taylor,MIA,28,56.0,-0.95,-0.22,-0.73,55.05,55.78,-0.730000000000004,1.7019003045021894,1.5214294182601684
sample,7,20260919031638,20260919031639,2055,shared,Axel Toupane,NOL,26,32.0,1.82,1.45,0.3700000000000001,33.82,33.45,0.36999999999999744,5.199805746177427,4.245913067618999
sample,7,20260919031638,20260919031639,2068,shared,Jonas Valančiūnas,SA,26,66.0,0.34,0.81,-0.47000000000000003,66.34,66.81,-0.46999999999999886,0.831452422759794,0.7479939501726931
sample,7,20260919031638,20260919031639,2113,shared,Travis Wear,BOS,28,36.0,0.1,1.85,-1.75,36.1,37.85,-1.75,4.783177592227564,4.393234008165858
sample,7,20260919031638,20260919031639,2169,shared,Jeff Withey,MEM,28,45.0,-0.95,-2.58,1.6300000000000001,44.05,42.42,1.6299999999999955,4.985585282197125,3.1692334095235717
sample,7,20260919031638,20260919031639,2175,shared,Delon Wright,CHA,26,45.0,1.75,0.24,1.51,46.75,45.24,1.509999999999998,5.341612891517719,3.7257498736780654
sample,7,20260919031638,20260919031639,2188,shared,Cody Zeller,NYK,26,51.0,0.3,0.0,0.3,51.3,51.0,0.29999999999999716,2.148525451597355,2.3868325657594203
sample,7,20260919031638,20260919031639,2190,shared,Tyler Zeller (PO),OKC,28,60.0,-0.22,1.12,-1.34,59.78,61.12,-1.3399999999999963,1.168440210388416,0.6400757530925303
sample,99,20260919031640,20260919031641,2,shared,Arron Afflalo,DET,33,57.0,-1.43,-1.23,-0.19999999999999996,55.57,55.77,-0.20000000000000284,1.1304330090185744,0.9084897001912213
sample,99,20260919031640,20260919031641,4,shared,Alexis Ajinça,SA,30,58.0,-0.77,-0.2,-0.5700000000000001,57.23,57.8,-0.5700000000000003,1.071720979819775,0.6030226891555273
sample,99,20260919031640,20260919031641,7,shared,LaMarcus Aldridge (PO),TOR,33,68.0,-0.7,0.2,-0.8999999999999999,67.3,68.2,-0.9000000000000057,0.8226589066968624,0.5504818825631803
sample,99,20260919031640,20260919031641,8,shared,Lavoy Allen,CHI,29,54.0,-1.18,0.22,-1.4,52.82,54.22,-1.3999999999999986,1.7313508476261412,0.927470765146816
sample,99,20260919031640,20260919031641,12,shared,Al-Farouq Aminu,MIN,28,53.0,-1.18,-1.01,-0.16999999999999993,51.82,51.99,-0.1700000000000017,3.6497682228886923,1.9720009834652417
sample,99,20260919031640,20260919031641,16,shared,James Anderson (PO),MEM,29,57.0,-0.65,-0.67,0.020000000000000018,56.35,56.33,0.020000000000003126,1.0576799462440747,0.697108023163983
sample,99,20260919031640,20260919031641,17,shared,Ryan Anderson (PO),MIA,30,60.0,-0.89,1.11,-2.0,59.11,61.11,-2.0,0.9733312577810996,0.7640270765734509
sample,99,20260919031640,20260919031641,18,shared,Carmelo Anthony (PO),MEM,34,72.0,-2.06,-0.9,-1.1600000000000001,69.94,71.1,-1.1599999999999966,0.8265786854452051,0.674199862463242
sample,99,20260919031640,20260919031641,22,shared,Trevor Ariza,MIA,33,59.0,-1.42,-1.54,0.1200000000000001,57.58,57.46,0.11999999999999744,0.9009534792191944,0.8577631233374258
sample,99,20260919031640,20260919031641,28,shared,D.J. Augustin,UTA,31,53.0,-1.41,-2.11,0.7,51.59,50.89,0.7000000000000028,1.6581296509603642,1.3325376413657384
sample,99,20260919031640,20260919031641,29,shared,Gustavo Ayón,POR,33,50.0,-3.59,-3.08,-0.5099999999999998,46.41,46.92,-0.5100000000000051,2.1606910604216094,1.4817407180595243
sample,99,20260919031640,20260919031641,35,shared,Andrea Bargnani (PO),SAC,33,64.0,-1.41,-1.49,0.08000000000000007,62.59,62.51,0.0800000000000054,0.9330627313348554,0.7034546786030246
sample,99,20260919031640,20260919031641,41,shared,Brandon Bass,WAS,33,57.0,-2.05,-1.84,-0.20999999999999974,54.95,55.16,-0.20999999999999375,1.6659089186544758,0.6922368952836301
sample,99,20260919031640,20260919031641,44,shared,Nicolas Batum (PO),TOR,30,63.0,-1.05,-0.53,-0.52,61.95,62.47,-0.519999999999996,0.9987365756167876,0.7581876316905234
sample,99,20260919031640,20260919031641,45,shared,Jerryd Bayless (TO),CHI,30,62.0,-0.91,0.69,-1.6,61.09,62.69,-1.5999999999999943,0.9649933270298406,0.706320670013903
sample,99,20260919031640,20260919031641,47,shared,Michael Beasley,GSW,29,64.0,-0.77,0.48,-1.25,63.23,64.48,-1.250000000000007,0.8973023543664169,0.68872595010166
sample,99,20260919031640,20260919031641,50,shared,Marco Belinelli,DET,32,53.0,-2.0,-6.45,4.45,51.0,46.55,4.450000000000003,2.4162747853635853,1.166666666666667
sample,99,20260919031640,20260919031641,59,shared,Bismack Biyombo,POR,26,56.0,0.43,0.63,-0.2,56.43,56.63,-0.20000000000000284,0.9455370981830401,1.6121696278899778
sample,99,20260919031640,20260919031641,60,shared,DeJuan Blair,MIN,29,56.0,-0.8,-0.19,-0.6100000000000001,55.2,55.81,-0.6099999999999994,2.5425669046549135,1.228409499714936
sample,99,20260919031640,20260919031641,63,shared,Eric Bledsoe,UTA,29,55.0,-0.99,-1.62,0.6300000000000001,54.01,53.38,0.6299999999999955,1.8829109207165207,1.3316656236958786
sample,99,20260919031640,20260919031641,69,shared,Chris Bosh  (PO),ATL,34,64.0,-1.63,-0.76,-0.8699999999999999,62.37,63.24,-0.8700000000000045,0.8367203894378397,0.6375457995035702
sample,99,20260919031640,20260919031641,77,shared,Ronnie Brewer,MIN,33,57.0,-1.78,-3.6,1.82,55.22,53.4,1.8200000000000003,1.2679419417610442,0.7913675671030663
sample,99,20260919031640,20260919031641,79,shared,Aaron Brooks (PO),UTA,33,48.0,-3.7,-2.99,-0.71,44.3,45.01,-0.7100000000000009,2.5246261849504323,1.2909553270991438
sample,99,20260919031640,20260919031641,80,shared,MarShon Brooks,ORL,29,61.0,-0.17,0.75,-0.92,60.83,61.75,-0.9200000000000017,0.9107106782035331,0.7436600722307896
sample,99,20260919031640,20260919031641,82,shared,Derrick Brown,CLE,31,54.0,-2.48,-6.01,3.53,51.52,47.99,3.530000000000001,1.9564965596388837,0.9480975102218592
sample,99,20260919031640,20260919031641,84,shared,Shannon Brown,UTA,33,54.0,-3.8,-2.93,-0.8699999999999997,50.2,51.07,-0.8699999999999974,1.8422647458873533,1.3046536751648738
sample,99,20260919031640,20260919031641,85,shared,Kobe Bryant,DET,40,53.0,-9.35,-5.65,-3.6999999999999993,43.65,47.35,-3.700000000000003,2.157322508119823,1.122542208605543
sample,99,20260919031640,20260919031641,86,shared,Chase Budinger,OKC,30,57.0,-0.84,-0.38,-0.45999999999999996,56.16,56.62,-0.46000000000000085,1.4335095029156575,0.8012616314414422
sample,99,20260919031640,20260919031641,87,shared,Alec Burks,UTA,27,73.0,0.82,0.9,-0.08000000000000007,73.82,73.9,-0.0800000000000125,0.8689945426477171,0.7453559924999299
sample,99,20260919031640,20260919031641,92,shared,Andrew Bynum (PO),LAC,31,65.0,-1.01,-0.83,-0.18000000000000005,63.99,64.17,-0.17999999999999972,0.8586458683722452,0.6039432711335351
sample,99,20260919031640,20260919031641,101,shared,Omri Casspi (PO),CLE,30,59.0,-0.92,-0.48,-0.44000000000000006,58.08,58.52,-0.44000000000000483,0.9393743888483665,0.6110100926607785
sample,99,20260919031640,20260919031641,103,shared,Mario Chalmers (PO),MEM,32,58.0,-1.02,-1.8,0.78,56.98,56.2,0.779999999999994,0.994733607301447,0.9744203145947593
sample,99,20260919031640,20260919031641,109,shared,Earl Clark,ORL,30,51.0,-1.24,-0.68,-0.5599999999999999,49.76,50.32,-0.5600000000000023,2.5150857968778246,1.0237581785171772
sample,99,20260919031640,20260919031641,111,shared,Darren Collison,MIA,31,58.0,-1.13,-2.03,0.8999999999999999,56.87,55.97,0.8999999999999986,0.9282872247947679,0.6105966613307698
sample,99,20260919031640,20260919031641,114,shared,Mike Conley,GSW,31,67.0,-0.88,-1.68,0.7999999999999999,66.12,65.32,0.8000000000000114,0.9458041311738148,0.6945676658355487
sample,99,20260919031640,20260919031641,117,shared,Daequan Cook (PO),SAC,31,59.0,-1.26,-1.59,0.33000000000000007,57.74,57.41,0.3300000000000054,0.8117819282232754,0.6830561152391921
sample,99,20260919031640,20260919031641,120,shared,DeMarcus Cousins,MIN,28,72.0,-0.67,0.37,-1.04,71.33,72.37,-1.0400000000000063,0.8415353933031086,0.774009631135756
sample,99,20260919031640,20260919031641,123,shared,Jamal Crawford,SA,38,53.0,-7.07,-6.18,-0.8900000000000006,45.93,46.82,-0.8900000000000006,2.857755706278561,1.3362090201216819
sample,99,20260919031640,20260919031641,124,shared,Jordan Crawford (PO),IND,30,65.0,-0.7,0.43,-1.13,64.3,65.43,-1.1300000000000097,0.8468599159080074,0.7555184185763314
sample,99,20260919031640,20260919031641,128,shared,Stephen Curry (PO),MEM,30,71.0,0.61,2.07,-1.46,71.61,73.07,-1.4599999999999937,0.897752524897366,0.7282884321503675
sample,99,20260919031640,20260919031641,139,shared,Glen Davis,CHI,32,57.0,-1.06,-1.14,0.07999999999999985,55.94,55.86,0.0799999999999983,1.0329911456884358,0.7388224318864349
sample,99,20260919031640,20260919031641,143,shared,Austin Daye (PO),LAC,30,59.0,-0.4,0.84,-1.24,58.6,59.84,-1.240000000000002,0.9320337272260424,0.6922368952836297
sample,99,20260919031640,20260919031641,146,shared,Luol Deng,HOU,33,63.0,-0.63,-1.21,0.58,62.37,61.79,0.5799999999999983,0.9062632792478855,0.640312423743285
sample,99,20260919031640,20260919031641,157,shared,Goran Dragić,HOU,32,62.0,-0.28,-1.06,0.78,61.72,60.94,0.7800000000000011,0.8174856746652067,0.7081060241334918
sample,99,20260919031640,20260919031641,164,shared,Kevin Durant (PO),OKC,30,72.0,0.12,1.4,-1.2799999999999998,72.12,73.4,-1.2800000000000011,0.8793937305515279,0.7385489458759964
sample,99,20260919031640,20260919031641,168,shared,Monta Ellis (PO),GSW,33,66.0,-1.18,-0.87,-0.30999999999999994,64.82,65.13,-0.3100000000000023,0.8211841659112983,0.6614187383758853
sample,99,20260919031640,20260919031641,178,shared,Tyreke Evans (PO),CHI,29,66.0,-0.09,1.17,-1.26,65.91,67.17,-1.2600000000000051,0.8176709965419212,0.921735298009119
sample,99,20260919031640,20260919031641,181,shared,Kenneth Faried,DEN,29,57.0,-0.46,0.59,-1.05,56.54,57.59,-1.0500000000000043,1.234356659817722,0.9857059204530333
sample,99,20260919031640,20260919031641,182,shared,Jordan Farmar,POR,32,56.0,-1.66,-2.13,0.47,54.34,53.87,0.47000000000000597,1.3500467631257307,0.960376609629385
sample,99,20260919031640,20260919031641,183,shared,Derrick Favors,WAS,27,63.0,-0.12,0.89,-1.01,62.88,63.89,-1.009999999999998,0.9564243173129149,0.750689918365335
sample,99,20260919031640,20260919031641,187,shared,Landry Fields (PO),HOU,30,58.0,-0.83,-0.04,-0.7899999999999999,57.17,57.96,-0.7899999999999991,0.8882510337679876,0.7374539876076227
sample,99,20260919031640,20260919031641,198,shared,Channing Frye,DET,35,56.0,-2.93,-4.79,1.8599999999999999,53.07,51.21,1.8599999999999994,1.6468825769380835,1.3801990780135647
sample,99,20260919031640,20260919031641,201,shared,Sundiata Gaines,OKC,32,54.0,-1.73,-2.76,1.0299999999999998,52.27,51.24,1.0300000000000011,2.5419907890700886,1.1202452833864087
sample,99,20260919031640,20260919031641,203,shared,Danilo Gallinari (PO),LAC,30,65.0,-0.75,1.11,-1.86,64.25,66.11,-1.8599999999999994,0.9031370691409831,0.8027100562117272
sample,99,20260919031640,20260919031641,206,shared,Marc Gasol (PO),CLE,33,64.0,-1.32,-0.86,-0.4600000000000001,62.68,63.14,-0.46000000000000085,0.9087676192837119,0.6669696281304607
sample,99,20260919031640,20260919031641,208,shared,Rudy Gay,DEN,32,70.0,-1.28,-2.05,0.7699999999999998,68.72,67.95,0.769999999999996,0.8050346626579554,0.6871842709362768
sample,99,20260919031640,20260919031641,209,shared,Alonzo Gee,IND,31,61.0,-0.45,-1.38,0.9299999999999999,60.55,59.62,0.9299999999999997,0.8211226608993472,0.6321360293449184
sample,99,20260919031640,20260919031641,211,shared,Paul George,LAC,28,70.0,-0.59,0.53,-1.12,69.41,70.53,-1.1200000000000045,0.8656754238130706,0.7028800779936816
sample,99,20260919031640,20260919031641,223,shared,Eric Gordon (PO),OKC,30,59.0,-0.62,0.37,-0.99,58.38,59.37,-0.9899999999999949,1.1439785263224431,0.733815268637038
sample,99,20260919031640,20260919031641,224,shared,Marcin Gortat,IND,34,60.0,-1.72,-1.69,-0.030000000000000027,58.28,58.31,-0.030000000000001137,0.9329003324594919,0.6307763374436204
sample,99,20260919031640,20260919031641,226,shared,Danny Granger,CHA,35,58.0,-2.61,-2.96,0.3500000000000001,55.39,55.04,0.3500000000000014,0.8749603165604456,0.8636310472988946
sample,99,20260919031640,20260919031641,228,shared,Danny Green,HOU,31,59.0,-1.3,-1.88,0.5799999999999998,57.7,57.12,0.5800000000000054,0.9692233691951198,0.8561128973034416
sample,99,20260919031640,20260919031641,229,shared,Donté Greene (PO),SAC,30,59.0,-0.68,0.05,-0.7300000000000001,58.32,59.05,-0.7299999999999969,1.0906396973771628,0.7961396760860395
sample,99,20260919031640,20260919031641,231,shared,Jeff Green,HOU,32,56.0,-0.52,-0.76,0.24,55.48,55.24,0.23999999999999488,1.0775955276503895,0.7800543881581902
sample,99,20260919031640,20260919031641,234,shared,Blake Griffin (PO),DET,29,66.0,-0.24,1.1,-1.34,65.76,67.1,-1.3399999999999892,0.8542230210530326,0.8932971498777983
sample,99,20260919031640,20260919031641,243,shared,James Harden (PO),DET,29,73.0,0.1,0.51,-0.41000000000000003,73.1,73.51,-0.4100000000000108,0.7849596270902193,0.7176701923937658
sample,99,20260919031640,20260919031641,245,shared,Josh Harrellson,SA,29,56.0,-1.01,-0.54,-0.47,54.99,55.46,-0.46999999999999886,1.7026123718829516,1.8771351479412353
sample,99,20260919031640,20260919031641,247,shared,Devin Harris,MIA,35,56.0,-3.4,-4.28,0.8800000000000003,52.6,51.72,0.8800000000000026,1.8034758807716977,1.279835848060132
sample,99,20260919031640,20260919031641,248,shared,Manny Harris,WAS,29,66.0,-0.12,0.99,-1.1099999999999999,65.88,66.99,-1.1099999999999994,0.9132028219072659,0.6589707309451796
sample,99,20260919031640,20260919031641,258,shared,Gordon Hayward,UTA,28,73.0,-0.37,0.85,-1.22,72.63,73.85,-1.2199999999999989,0.8836906081367453,0.6415731927193978
sample,99,20260919031640,20260919031641,265,shared,Roy Hibbert,SA,32,61.0,-1.3,-1.64,0.33999999999999986,59.7,59.36,0.3400000000000034,1.020001980588293,0.6893123494842633
sample,99,20260919031640,20260919031641,269,shared,George Hill,GSW,32,54.0,-1.92,-2.45,0.5300000000000002,52.08,51.55,0.5300000000000011,2.0134898594583026,1.4310764472870754
sample,99,20260919031640,20260919031641,271,shared,Jordan Hill,DAL,31,61.0,-1.22,-1.23,0.010000000000000009,59.78,59.77,0.00999999999999801,0.949002666279743,0.8022065529122492
sample,99,20260919031640,20260919031641,274,shared,Jrue Holiday (PO),CLE,28,71.0,0.1,0.72,-0.62,71.1,71.72,-0.6200000000000045,0.8468599159080072,0.6525784135708028
sample,99,20260919031640,20260919031641,277,shared,Al Horford,DAL,32,61.0,-0.21,-0.24,0.03,60.79,60.76,0.030000000000001137,0.890976084885775,0.683425714376264
sample,99,20260919031640,20260919031641,280,shared,Dwight Howard (PO),WAS,33,74.0,-0.4,-0.47,0.06999999999999995,73.6,73.53,0.06999999999999318,0.816496580927726,0.6735253251633257
sample,99,20260919031640,20260919031641,287,shared,Kris Humphries (PO),NYK,33,57.0,-1.61,-1.23,-0.3800000000000001,55.39,55.77,-0.38000000000000256,0.897752524897366,0.8270062840990956
sample,99,20260919031640,20260919031641,289,shared,Andre Iguodala (PO),LAC,34,65.0,-1.28,-1.23,-0.050000000000000044,63.72,63.77,-0.05000000000000426,0.8770934552788142,0.7086051171994259
sample,99,20260919031640,20260919031641,290,shared,Ersan İlyasova (PO),OKC,31,65.0,-0.51,-0.87,0.36,64.49,64.13,0.35999999999999943,0.9044781965756876,0.69128777501037
sample,99,20260919031640,20260919031641,291,shared,Kyrie Irving,MIN,26,68.0,2.24,1.24,1.0000000000000002,70.24,69.24,1.0,1.264272058689837,0.6834257143762642
sample,99,20260919031640,20260919031641,295,shared,Jarrett Jack,NOL,35,52.0,-4.23,-6.83,2.5999999999999996,47.77,45.17,2.6000000000000014,1.6134222364685917,1.4146063449281958
sample,99,20260919031640,20260919031641,299,shared,LeBron James (PO),CLE,34,76.0,-0.51,-0.24,-0.27,75.49,75.76,-0.27000000000001023,0.7848952835000386,0.49482166974424724
sample,99,20260919031640,20260919031641,303,shared,Al Jefferson (PO),WAS,33,63.0,-1.38,-1.47,0.09000000000000008,61.62,61.53,0.0899999999999963,1.1080969216989949,0.7310570733153768
sample,99,20260919031640,20260919031641,308,shared,Brandon Jennings (PO),IND,29,66.0,0.45,1.16,-0.71,66.45,67.16,-0.7099999999999937,1.5000000000000004,0.7483314773547884
sample,99,20260919031640,20260919031641,309,shared,Jonas Jerebko (TO),CHI,31,64.0,-0.76,-0.74,-0.020000000000000018,63.24,63.26,-0.01999999999999602,0.9440938148897764,0.7333333333333332
sample,99,20260919031640,20260919031641,318,shared,James Johnson,HOU,31,58.0,-0.86,-2.99,2.1300000000000003,57.14,55.01,2.1300000000000026,0.9103223982122315,0.6112580172368814
sample,99,20260919031640,20260919031641,320,shared,Joe Johnson (PO),TOR,37,58.0,-3.43,-3.3,-0.13000000000000034,54.57,54.7,-0.13000000000000256,1.2890760922913633,1.0298573010888745
sample,99,20260919031640,20260919031641,332,shared,DeAndre Jordan,SAC,30,58.0,-1.08,-0.27,-0.81,56.92,57.73,-0.8099999999999952,1.1252833537658975,0.8022065529122492
sample,99,20260919031640,20260919031641,337,shared,Enes Kanter,LAL,26,66.0,1.32,1.18,0.14000000000000012,67.32,67.18,0.13999999999998636,0.8273115763993903,0.6872577626503991
sample,99,20260919031640,20260919031641,342,shared,Andrei Kirilenko,UTA,37,55.0,-7.2,-7.53,0.33000000000000007,47.8,47.47,0.3299999999999983,1.435481125130547,1.527227632811901
sample,99,20260919031640,20260919031641,343,shared,Linas Kleiza (PO),LAL,33,61.0,-1.83,-1.48,-0.3500000000000001,59.17,59.52,-0.3500000000000014,0.9749902874419111,0.7974707492814993
sample,99,20260919031640,20260919031641,344,shared,Brandon Knight,CHA,27,67.0,0.11,0.79,-0.68,67.11,67.79,-0.6800000000000068,0.7771353768420236,0.6860073327640607
sample,99,20260919031640,20260919031641,346,shared,Kosta Koufos (TO),LAC,29,61.0,-0.47,0.99,-1.46,60.53,61.99,-1.4600000000000009,0.9582707489445913,0.6275654418770873
sample,99,20260919031640,20260919031641,350,shared,Ty Lawson,DEN,31,68.0,-0.46,-1.16,0.7,67.54,66.84,0.7000000000000028,0.7305733185227705,0.8005048911831089
sample,99,20260919031640,20260919031641,351,shared,Courtney Lee,SAC,33,57.0,-1.78,-1.62,-0.15999999999999992,55.22,55.38,-0.1600000000000037,1.1940932065205736,0.8851182652246778
sample,99,20260919031640,20260919031641,352,shared,David Lee,DET,35,57.0,-3.21,-4.56,1.3499999999999996,53.79,52.44,1.3500000000000014,1.5327732837552785,1.4724404259870105
sample,99,20260919031640,20260919031641,354,shared,Kawhi Leonard,SA,27,75.0,0.26,0.51,-0.25,75.26,75.51,-0.25,0.8117819282232753,0.7034546786030248
sample,99,20260919031640,20260919031641,359,shared,Jeremy Lin,MIA,30,57.0,-0.33,0.22,-0.55,56.67,57.22,-0.5499999999999972,0.9217352980091192,0.7327821620165825
sample,99,20260919031640,20260919031641,361,shared,Brook Lopez (TO),UTA,30,62.0,-1.14,0.82,-1.96,60.86,62.82,-1.9600000000000009,0.9213516640723504,0.8087900927567141
sample,99,20260919031640,20260919031641,362,shared,Robin Lopez,DET,30,54.0,-1.82,-1.22,-0.6000000000000001,52.18,52.78,-0.6000000000000014,2.1898756940875788,1.1940932065205736
sample,99,20260919031640,20260919031641,363,shared,Kevin Love (PO),SAC,30,77.0,0.21,1.3,-1.09,77.21,78.3,-1.0900000000000034,0.6711214796175429,0.4605661864718383
sample,99,20260919031640,20260919031641,365,shared,Kyle Lowry,SA,32,65.0,0.0,-0.95,0.95,65.0,64.05,0.9500000000000028,0.8761716542303613,0.7017294652672371
sample,99,20260919031640,20260919031641,381,shared,Kevin Martin (PO),HOU,35,64.0,-1.84,-2.31,0.47,62.16,61.69,0.46999999999999886,0.8844332774281064,0.6145541210314741
sample,99,20260919031640,20260919031641,384,shared,Wesley Matthews (PO),WAS,32,64.0,-1.19,-2.02,0.8300000000000001,62.81,61.98,0.8300000000000054,0.9918353561642043,0.8525659428271147
sample,99,20260919031640,20260919031641,387,shared,O.J. Mayo (PO),LAC,31,62.0,-0.62,-1.48,0.86,61.38,60.52,0.8599999999999994,1.0128467731392472,0.7174590404667536
sample,99,20260919031640,20260919031641,388,shared,Luc Mbah a Moute,MEM,32,53.0,-1.67,-2.18,0.5100000000000002,51.33,50.82,0.509999999999998,2.370078633141257,1.1580199052736966
sample,99,20260919031640,20260919031641,390,shared,JaVale McGee (PO),MIA,30,60.0,-0.77,0.56,-1.33,59.23,60.56,-1.3300000000000054,0.9412542674323426,0.8080404030302525
sample,99,20260919031640,20260919031641,397,shared,Jodie Meeks,POR,31,52.0,-2.14,-2.37,0.22999999999999998,49.86,49.63,0.22999999999999687,2.5663714903074006,1.3973640408376993
sample,99,20260919031640,20260919031641,406,shared,Paul Millsap (PO),UTA,33,68.0,-1.23,-0.75,-0.48,66.77,67.25,-0.480000000000004,0.8391313449880262,0.6092717958449426
sample,99,20260919031640,20260919031641,412,shared,Greg Monroe,UTA,28,56.0,-0.27,1.4,-1.67,55.73,57.4,-1.6700000000000017,0.9412542674323425,0.6816498108607268
sample,99,20260919031640,20260919031641,414,shared,E'Twaun Moore,LAL,29,40.0,-0.87,-3.33,2.46,39.13,36.67,2.460000000000001,4.457781755741097,4.266512781315827
sample,99,20260919031640,20260919031641,416,shared,Darius Morris (PO),WAS,27,59.0,0.05,0.12,-0.06999999999999999,59.05,59.12,-0.07000000000000028,1.1752927853573898,1.1035296904831233
sample,99,20260919031640,20260919031641,419,shared,Anthony Morrow,OKC,33,57.0,-2.14,-1.93,-0.2100000000000002,54.86,55.07,-0.21000000000000085,1.3854948428615532,0.855817879238476
sample,99,20260919031640,20260919031641,432,shared,Joakim Noah (PO),MEM,33,62.0,-0.73,-0.23,-0.5,61.27,61.77,-0.5,0.9519252156349344,0.6490863820117715
sample,99,20260919031640,20260919031641,434,shared,Steve Novak,DET,35,53.0,-4.86,-6.06,1.1999999999999993,48.14,46.94,1.2000000000000028,2.7192542055393485,1.4129273287623947
sample,99,20260919031640,20260919031641,435,shared,Dirk Nowitzki,DAL,40,50.0,-10.23,-6.03,-4.2,39.77,43.97,-4.199999999999996,2.233152412391437,1.3139115785940982
sample,99,20260919031640,20260919031641,436,shared,Greg Oden,OKC,30,59.0,-0.42,1.22,-1.64,58.58,60.22,-1.6400000000000006,1.0841372308677233,0.7327821620165826
sample,99,20260919031640,20260919031641,446,shared,Zaza Pachulia,CLE,34,54.0,-3.8,-5.3,1.5,50.2,48.7,1.5,1.847739541748624,0.8819171036881965
sample,99,20260919031640,20260919031641,451,shared,Tony Parker,OKC,36,57.0,-3.13,-3.37,0.2400000000000002,53.87,53.63,0.23999999999999488,1.6308577404841207,1.0015644328406001
sample,99,20260919031640,20260919031641,454,shared,Chris Paul (PO),LAC,33,77.0,-0.43,-0.65,0.22000000000000003,76.57,76.35,0.21999999999999886,0.7420283421851624,0.5751591786697667
sample,99,20260919031640,20260919031641,457,shared,Nikola Peković,MEM,32,56.0,-0.71,-1.4,0.69,55.29,54.6,0.6899999999999977,1.2656694639277637,0.7385489458759962
sample,99,20260919031640,20260919031641,464,shared,Paul Pierce (PO),MIA,41,55.0,-9.64,-5.71,-3.9300000000000006,45.36,49.29,-3.9299999999999997,1.997574286554327,1.3506077943434998
sample,99,20260919031640,20260919031641,481,shared,Zach Randolph,OKC,37,52.0,-5.34,-5.28,-0.05999999999999961,46.66,46.72,-0.060000000000002274,2.527505257815071,1.3187076624445235
sample,99,20260919031640,20260919031641,483,shared,JJ Redick,DEN,34,57.0,-1.35,-1.29,-0.06000000000000005,55.65,55.71,-0.060000000000002274,0.8087276451565163,0.6243380332784315
sample,99,20260919031640,20260919031641,493,shared,Nate Robinson,SAC,34,56.0,-2.05,-1.85,-0.19999999999999973,53.95,54.15,-0.19999999999999574,1.5,0.9031370691409834
sample,99,20260919031640,20260919031641,497,shared,Rajon Rondo (TO),UTA,32,67.0,-0.47,-1.05,0.5800000000000001,66.53,65.95,0.5799999999999983,0.9687542766279015,0.701729465267237
sample,99,20260919031640,20260919031641,498,shared,Derrick Rose (PO),OKC,30,64.0,0.1,1.49,-1.39,64.1,65.49,-1.3900000000000006,0.9265990819042822,0.7587203474644434
sample,99,20260919031640,20260919031641,515,shared,Kevin Séraphin (PO),WAS,29,58.0,-1.1,-0.03,-1.07,56.9,57.97,-1.0700000000000003,1.259308773041221,0.6735253251633257
sample,99,20260919031640,20260919031641,516,shared,Ramon Sessions,CHA,32,58.0,-0.65,-1.52,0.87,57.35,56.48,0.8700000000000045,0.8689364217539192,0.7032392583932259
sample,99,20260919031640,20260919031641,519,shared,Iman Shumpert (PO),CHI,28,59.0,-0.33,-0.19,-0.14,58.67,58.81,-0.14000000000000057,1.504572156374487,0.706320670013903
sample,99,20260919031640,20260919031641,526,shared,Donald Sloan,MIN,30,54.0,-1.54,-1.99,0.44999999999999996,52.46,52.01,0.45000000000000284,2.1528463658021386,1.445962683062077
sample,99,20260919031640,20260919031641,528,shared,Greg Smith,POR,27,60.0,0.11,-0.06,0.16999999999999998,60.11,59.94,0.1700000000000017,1.9010629668794254,0.9300809131739589
sample,99,20260919031640,20260919031641,532,shared,Josh Smith (PO),SAC,33,70.0,-0.02,-0.29,0.26999999999999996,69.98,69.71,0.27000000000001023,0.8525659428271145,0.7005769628014332
sample,99,20260919031640,20260919031641,533,shared,J.R. Smith (PO),WAS,33,58.0,-1.66,-1.56,-0.09999999999999987,56.34,56.44,-0.09999999999999432,1.3349989596333858,0.6562827673397121
sample,99,20260919031640,20260919031641,536,shared,Tiago Splitter,SAC,33,57.0,-1.79,-1.62,-0.16999999999999993,55.21,55.38,-0.1700000000000017,1.289389488294849,0.6783819132332614
sample,99,20260919031640,20260919031641,545,shared,Rodney Stuckey (PO),CHI,32,64.0,-1.34,-1.73,0.3899999999999999,62.66,62.27,0.38999999999999346,0.9235417115264978,0.6644660649838722
sample,99,20260919031640,20260919031641,547,shared,Jeff Teague (PO),DET,30,69.0,-0.02,1.23,-1.25,68.98,70.23,-1.25,0.8873977391647712,0.7086051171994259
sample,99,20260919031640,20260919031641,553,shared,Isaiah Thomas,DAL,29,55.0,-0.7,-0.03,-0.6699999999999999,54.3,54.97,-0.6700000000000017,1.8989630344113089,1.2906423113154069
sample,99,20260919031640,20260919031641,560,shared,Klay Thompson,MIN,28,63.0,-0.86,-0.09,-0.77,62.14,62.91,-0.769999999999996,0.9103223982122316,0.6830561152391921
sample,99,20260919031640,20260919031641,562,shared,Tristan Thompson,NYK,27,54.0,-1.21,-0.67,-0.5399999999999999,52.79,53.33,-0.5399999999999991,1.3654835973183472,2.2113344387495983
sample,99,20260919031640,20260919031641,564,shared,Marcus Thornton (TO),CHI,31,62.0,-0.71,-1.28,0.5700000000000001,61.29,60.72,0.5700000000000003,1.0079983164969104,0.7664690127296389
sample,99,20260919031640,20260919031641,580,shared,Greivis Vásquez (PO),MIN,31,61.0,-0.49,-1.47,0.98,60.51,59.53,0.9799999999999969,0.9999494936740503,0.6883591968139771
sample,99,20260919031640,20260919031641,585,shared,Dwyane Wade (PO),OKC,36,62.0,-2.61,-2.89,0.28000000000000025,59.39,59.11,0.28000000000000114,0.9523495665824062,0.7900262110470857
sample,99,20260919031640,20260919031641,589,shared,Kemba Walker,WAS,28,69.0,-0.14,0.54,-0.68,68.86,69.54,-0.6800000000000068,0.9322504540577651,0.9787644241490379
sample,99,20260919031640,20260919031641,593,shared,John Wall,POR,28,62.0,0.62,1.22,-0.6,62.62,63.22,-0.6000000000000014,0.8619920550853721,0.7188655484634637
sample,99,20260919031640,20260919031641,604,shared,Russell Westbrook (PO),OKC,30,78.0,0.49,0.56,-0.07000000000000006,78.49,78.56,-0.07000000000000739,0.7719187689508435,0.4988876515698588
sample,99,20260919031640,20260919031641,618,shared,Deron Williams,HOU,34,61.0,-1.68,-1.4,-0.28,59.32,59.6,-0.28000000000000114,0.9307323064461799,0.6816498108607268
sample,99,20260919031640,20260919031641,619,shared,Derrick Williams,IND,27,49.0,-0.7,-0.2,-0.49999999999999994,48.3,48.8,-0.5,3.5147596437786963,2.9678411022291624
sample,99,20260919031640,20260919031641,621,shared,Jordan Williams,DET,28,66.0,0.0,1.0,-1.0,66.0,67.0,-1.0,0.9320337272260424,1.3558701406786118
sample,99,20260919031640,20260919031641,622,shared,Lou Williams (PO),CHI,32,66.0,-0.53,-0.99,0.45999999999999996,65.47,65.01,0.45999999999999375,0.8463230035055328,0.846800275785682
sample,99,20260919031640,20260919031641,624,shared,Marvin Williams (TO),SAC,32,62.0,-0.51,-1.21,0.7,61.49,60.79,0.7000000000000028,0.9265445744727281,0.7005769628014333
sample,99,20260919031640,20260919031641,625,shared,Reggie Williams,CHI,32,54.0,-2.09,-5.36,3.2700000000000005,51.91,48.64,3.269999999999996,1.8807638680261611,0.8229044398784813
sample,99,20260919031640,20260919031641,631,shared,Brandan Wright,SA,31,57.0,-0.61,-1.46,0.85,56.39,55.54,0.8500000000000014,1.1091447246423798,0.6578200914591106
sample,99,20260919031640,20260919031641,633,shared,Dorell Wright (PO),MIN,33,65.0,-1.64,-1.62,-0.019999999999999796,63.36,63.38,-0.020000000000003126,0.9158536339327799,0.788554488807325
sample,99,20260919031640,20260919031641,637,shared,Thaddeus Young,CLE,30,67.0,-0.67,0.48,-1.15,66.33,67.48,-1.1500000000000057,0.8882510337679879,0.6432242017658958
sample,99,20260919031640,20260919031641,668,shared,Thanasis Antetokounmpo,DEN,26,43.0,0.97,-0.92,1.8900000000000001,43.97,42.08,1.8900000000000006,4.656818613169251,3.589209417465668
sample,99,20260919031640,20260919031641,672,shared,Keith Appling,UTA,26,38.0,2.43,3.91,-1.48,40.43,41.91,-1.4799999999999969,5.701771831650405,3.7688114033391753
sample,99,20260919031640,20260919031641,698,shared,Harrison Barnes,TOR,26,76.0,1.68,1.4,0.28,77.68,77.4,0.28000000000000114,0.6337319319839908,0.568535243614961
sample,99,20260919031640,20260919031641,723,shared,Dāvis Bertāns,ORL,26,56.0,0.44,-0.06,0.5,56.44,55.94,0.5,1.7827455842553133,1.3985562541276613
sample,99,20260919031640,20260919031641,729,shared,Sim Bhullar,MIA,26,57.0,-0.07,-0.37,0.3,56.93,56.63,0.29999999999999716,1.7189085096788792,1.910391572321224
sample,99,20260919031640,20260919031641,738,shared,Tarik Black,CHA,27,43.0,0.67,0.32,0.35000000000000003,43.67,43.32,0.3500000000000014,4.380985083634763,2.9708346614812786
sample,99,20260919031640,20260919031641,745,shared,Bojan Bogdanović,ORL,29,49.0,-1.61,-1.19,-0.42000000000000015,47.39,47.81,-0.4200000000000017,3.2964474296681354,1.475010700183753
sample,99,20260919031640,20260919031641,774,shared,Malcolm Brogdon,MIN,26,62.0,0.14,-0.25,0.39,62.14,61.75,0.39000000000000057,0.9849370589540278,0.7703468981143129
sample,99,20260919031640,20260919031641,777,shared,Anthony Brown,IND,26,56.0,0.42,-0.24,0.6599999999999999,56.42,55.76,0.6600000000000037,1.5516690264604651,1.457270175237373
sample,99,20260919031640,20260919031641,782,shared,Jabari Brown,CHI,26,47.0,0.65,-1.62,2.27,47.65,45.38,2.269999999999996,4.365556185422518,4.583192835312143
sample,99,20260919031640,20260919031641,787,shared,Markel Brown,BOS,26,45.0,-0.17,-1.94,1.77,44.83,43.06,1.769999999999996,3.739105386440597,3.946152710187634
sample,99,20260919031640,20260919031641,797,shared,Reggie Bullock,ORL,27,56.0,-0.89,-1.14,0.2499999999999999,55.11,54.86,0.25,0.9089343299499784,2.0351457396997845
sample,99,20260919031640,20260919031641,798,shared,Trey Burke,BOS,26,65.0,1.81,0.93,0.88,66.81,65.93,0.8799999999999955,0.895499409223251,0.7142842712828137
sample,99,20260919031640,20260919031641,802,shared,Dwight Buycks,LAL,29,40.0,0.29,-2.17,2.46,40.29,37.83,2.460000000000001,6.601645035270921,3.3935619378851216
sample,99,20260919031640,20260919031641,807,shared,Nick Calathes,NOL,29,42.0,-1.52,-2.41,0.8900000000000001,40.48,39.59,0.8899999999999935,3.1478066758755805,4.136789854830711
sample,99,20260919031640,20260919031641,820,shared,Michael Carter-Williams,TOR,27,63.0,0.47,0.61,-0.14,63.47,63.61,-0.14000000000000057,0.9791255632894427,0.723278171336114
sample,99,20260919031640,20260919031641,853,shared,Jordan Clarkson,POR,26,63.0,0.93,0.63,0.30000000000000004,63.93,63.63,0.29999999999999716,0.8905224887841424,0.7338152686370382
sample,99,20260919031640,20260919031641,887,shared,Jae Crowder (PO),LAL,28,64.0,0.06,0.68,-0.6200000000000001,64.06,64.68,-0.6200000000000045,0.8855746294030922,0.6798692684790381
sample,99,20260919031640,20260919031641,912,shared,Nando De Colo,POR,31,61.0,-0.75,-1.37,0.6200000000000001,60.25,59.63,0.6199999999999974,0.8804842561071295,0.7608474807008886
sample,99,20260919031640,20260919031641,914,shared,Bryce Dejean-Jones,HOU,26,34.0,1.55,-2.02,3.5700000000000003,35.55,31.98,3.5699999999999967,4.10068976705829,4.765151274268915
sample,99,20260919031640,20260919031641,928,shared,Gorgui Dieng,GSW,28,51.0,-1.8,-0.62,-1.1800000000000002,49.2,50.38,-1.1799999999999997,2.888500362373933,1.482422260213249
sample,99,20260919031640,20260919031641,1247,shared,Cleanthony Early,BOS,27,53.0,0.31,0.97,-0.6599999999999999,53.31,53.97,-0.6599999999999966,2.254938463627661,1.5983261446420953
sample,99,20260919031640,20260919031641,1250,shared,Jarell Eddie,BOS,27,51.0,-0.74,-0.61,-0.13,50.26,50.39,-0.13000000000000256,2.6727959861984196,1.1361373512071862
sample,99,20260919031640,20260919031641,1265,shared,James Ennis III,IND,28,36.0,-0.25,-2.79,2.54,35.75,33.21,2.539999999999999,4.770225414490442,3.0161015710464203
sample,99,20260919031640,20260919031641,1277,shared,Cristiano Felício,MEM,26,38.0,2.2,-1.51,3.71,40.2,36.49,3.710000000000001,5.548682617331686,1.822945778988314
sample,99,20260919031640,20260919031641,1294,shared,Evan Fournier,NOL,26,46.0,-0.26,-0.62,0.36,45.74,45.38,0.35999999999999943,2.7620077604320503,3.5923037823444828
sample,99,20260919031640,20260919031641,1331,shared,Rudy Gobert,DEN,26,32.0,1.5,-1.26,2.76,33.5,30.74,2.7600000000000016,4.995957962152601,4.462232081763022
sample,99,20260919031640,20260919031641,1341,shared,Jerian Grant,SA,26,53.0,0.1,-2.26,2.36,53.1,50.74,2.3599999999999994,2.8621528945741517,2.163143989472711
sample,99,20260919031640,20260919031641,1361,shared,P.J. Hairston,DAL,26,48.0,-0.74,-2.8,2.0599999999999996,47.26,45.2,2.059999999999995,3.486250047535229,2.756076848703533
sample,99,20260919031640,20260919031641,1375,shared,Tim Hardaway Jr.,NYK,26,51.0,-0.56,-1.98,1.42,50.44,49.02,1.4199999999999946,2.5988342374879148,2.6361128407355605
sample,99,20260919031640,20260919031641,1402,shared,John Henson,IND,28,59.0,-0.77,0.82,-1.5899999999999999,58.23,59.82,-1.5900000000000034,0.8744984132332516,0.6572055933413774
sample,99,20260919031640,20260919031641,1410,shared,Buddy Hield,SAC,26,48.0,1.08,-0.26,1.34,49.08,47.74,1.3399999999999963,4.466892802959492,2.285748556741635
sample,99,20260919031640,20260919031641,1426,shared,Rodney Hood,ORL,26,58.0,0.15,-0.24,0.39,58.15,57.76,0.39000000000000057,0.9574271077563382,1.32664991614216
sample,99,20260919031640,20260919031641,1452,shared,Joe Ingles,ORL,31,52.0,-1.79,-5.33,3.54,50.21,46.67,3.539999999999999,2.180237221825722,0.876805496554326
sample,99,20260919031640,20260919031641,1483,shared,John Jenkins,MIA,27,55.0,-0.34,0.25,-0.5900000000000001,54.66,55.25,-0.5900000000000034,1.7478413815187852,1.217506974240079
sample,99,20260919031640,20260919031641,1505,shared,Tyler Johnson,ATL,26,57.0,-0.06,-0.81,0.75,56.94,56.19,0.75,1.1618515352225471,0.7613783354528614
sample,99,20260919031640,20260919031641,1519,shared,Kevin Jones,WAS,29,62.0,-0.33,0.89,-1.22,61.67,62.89,-1.2199999999999989,1.0352865216055804,0.8151965741742628
sample,99,20260919031640,20260919031641,1523,shared,Terrence Jones (PO),DAL,26,63.0,0.96,0.96,0.0,63.96,63.96,0.0,0.9631597830457663,0.803024585457061
sample,99,20260919031640,20260919031641,1538,shared,Ryan Kelly,PHI,27,49.0,-0.01,-0.5,0.49,48.99,48.5,0.490000000000002,3.5348052965967565,2.3203099758089185
sample,99,20260919031640,20260919031641,1570,shared,Doron Lamb (PO),PHI,27,60.0,-0.59,-0.57,-0.020000000000000018,59.41,59.43,-0.020000000000003126,0.8176709965419211,0.6854181058288289
sample,99,20260919031640,20260919031641,1590,shared,Meyers Leonard,TOR,26,46.0,0.68,3.13,-2.4499999999999997,46.68,49.13,-2.450000000000003,4.2016831644165435,1.4400827697873426
sample,99,20260919031640,20260919031641,1597,shared,Damian Lillard,ATL,28,63.0,-0.06,1.18,-1.24,62.94,64.18,-1.240000000000009,0.8017657281452499,0.7018014338295787
sample,99,20260919031640,20260919031641,1627,shared,Boban Marjanović,LAL,30,55.0,-0.88,0.31,-1.19,54.12,55.31,-1.1900000000000048,1.539250768813493,0.7479939501726932
sample,99,20260919031640,20260919031641,1656,shared,CJ McCollum,LAL,27,40.0,1.62,-0.83,2.45,41.62,39.17,2.4499999999999957,6.642045443744544,5.750810219596729
sample,99,20260919031640,20260919031641,1657,shared,T.J. McConnell,SAC,26,47.0,0.75,-2.23,2.98,47.75,44.77,2.979999999999997,3.898652966024925,2.068791673876079
sample,99,20260919031640,20260919031641,1664,shared,Doug McDermott,NOL,26,51.0,0.62,0.01,0.61,51.62,51.01,0.6099999999999994,3.326599258441363,3.2395753556366738
sample,99,20260919031640,20260919031641,1696,shared,Quincy Miller,ATL,26,66.0,0.38,-0.35,0.73,66.38,65.65,0.7299999999999898,0.8137703743822466,0.7571210756756961
sample,99,20260919031640,20260919031641,1697,shared,Elijah Millsap,LAL,31,40.0,-0.94,-2.32,1.38,39.06,37.68,1.3800000000000026,2.7073413101596495,1.3094836672320411
sample,99,20260919031640,20260919031641,1702,shared,Nikola Mirotić,TOR,27,67.0,0.2,0.75,-0.55,67.2,67.75,-0.5499999999999972,0.8989331499509894,0.7299508769967218
sample,99,20260919031640,20260919031641,1730,shared,Arnett Moultrie (PO),NYK,28,55.0,-0.64,0.25,-0.89,54.36,55.25,-0.8900000000000006,2.047516357034354,1.1492202011394819
sample,99,20260919031640,20260919031641,1732,shared,Shabazz Muhammad,CHA,26,50.0,-0.1,0.17,-0.27,49.9,50.17,-0.2700000000000031,3.707758722931517,2.534828107654153
sample,99,20260919031640,20260919031641,1734,shared,Xavier Munford,PHI,26,61.0,0.31,0.03,0.28,61.31,61.03,0.28000000000000114,0.8726483550177307,0.6428314889862842
sample,99,20260919031640,20260919031641,1750,shared,Shabazz Napier,CHA,27,43.0,0.42,-0.01,0.43,43.42,42.99,0.4299999999999997,4.355838993045236,3.2426918609467825
sample,99,20260919031640,20260919031641,1756,shared,Raul Neto,GSW,26,58.0,0.63,-0.23,0.86,58.63,57.77,0.8599999999999994,1.0215357818184116,1.3092908096532352
sample,99,20260919031640,20260919031641,1791,shared,Victor Oladipo,NOL,26,56.0,-0.54,-1.41,0.8699999999999999,55.46,54.59,0.8699999999999974,0.8216760402686176,0.8420153793072304
sample,99,20260919031640,20260919031641,1794,shared,Kelly Olynyk,LAL,27,60.0,0.0,0.3,-0.3,60.0,60.3,-0.29999999999999716,0.8989331499509894,0.7587869106393283
sample,99,20260919031640,20260919031641,1817,shared,Adreian Payne,ATL,27,47.0,1.08,0.53,0.55,48.08,47.53,0.5499999999999972,4.912733403610407,2.9897298955733187
sample,99,20260919031640,20260919031641,1899,shared,Austin Rivers,POR,26,49.0,0.67,-0.24,0.91,49.67,48.76,0.9100000000000037,3.4613449829378586,2.3230074550813726
sample,99,20260919031640,20260919031641,1911,shared,Thomas Robinson (TO),TOR,27,56.0,-0.01,-0.23,0.22,55.99,55.77,0.21999999999999886,2.4391379500540635,1.1087803837523191
sample,99,20260919031640,20260919031641,1915,shared,Terrence Ross,MIL,27,59.0,-0.51,-0.8,0.29000000000000004,58.49,58.2,0.28999999999999915,1.7026123718829516,0.6513389472789297
sample,99,20260919031640,20260919031641,1954,shared,Tornike Shengelia,IND,27,57.0,-0.24,-0.11,-0.13,56.76,56.89,-0.13000000000000256,1.4363252775852353,1.0907786117255782
sample,99,20260919031640,20260919031641,1990,shared,Tony Snell,MEM,27,61.0,0.13,0.24,-0.10999999999999999,61.13,61.24,-0.10999999999999943,0.9708373975724529,0.698049229834635
sample,99,20260919031640,20260919031641,2001,shared,Alex Stepheson,LAL,31,40.0,-1.9,-6.39,4.49,38.1,33.61,4.490000000000002,2.311586975096188,0.6339709708805223
sample,99,20260919031640,20260919031641,2012,shared,Jared Sullinger,MIL,26,61.0,0.7,-0.08,0.7799999999999999,61.7,60.92,0.7800000000000011,0.8102873913406626,0.747791360736348
sample,99,20260919031640,20260919031641,2020,shared,Edy Tavares,ATL,26,40.0,2.27,-1.67,3.94,42.27,38.33,3.940000000000005,5.391454143158206,3.728283922946455
sample,99,20260919031640,20260919031641,2024,shared,Tyshawn Taylor,MIA,28,56.0,-0.62,-0.09,-0.53,55.38,55.91,-0.529999999999994,2.3646384822029667,1.6883139638124303
sample,99,20260919031640,20260919031641,2055,shared,Axel Toupane,NOL,26,32.0,2.08,1.22,0.8600000000000001,34.08,33.22,0.8599999999999994,5.897576972063538,3.7188572155837045
sample,99,20260919031640,20260919031641,2068,shared,Jonas Valančiūnas,SA,26,66.0,0.46,0.66,-0.2,66.46,66.66,-0.20000000000000284,0.9036402251812703,0.8067893720848651
sample,99,20260919031640,20260919031641,2113,shared,Travis Wear,BOS,28,36.0,1.78,1.63,0.15000000000000013,37.78,37.63,0.14999999999999858,6.583695808970102,4.370828458558104
sample,99,20260919031640,20260919031641,2169,shared,Jeff Withey,MEM,28,45.0,-1.2,-2.6,1.4000000000000001,43.8,42.4,1.3999999999999986,4.583677673015525,3.348450568863339
sample,99,20260919031640,20260919031641,2175,shared,Delon Wright,CHA,26,45.0,0.76,-0.09,0.85,45.76,44.91,0.8500000000000014,3.3967304540951995,3.2847827903528084
sample,99,20260919031640,20260919031641,2188,shared,Cody Zeller,NYK,26,51.0,0.56,0.03,0.53,51.56,51.03,0.5300000000000011,2.972330310505122,2.484111124891171
sample,99,20260919031640,20260919031641,2190,shared,Tyler Zeller (PO),OKC,28,60.0,-0.31,1.0,-1.31,59.69,61.0,-1.3100000000000023,1.6556911340322904,0.7106690545187014
synthetic,42,20260919031642,20260919031643,0,shared,Age26 Skill35Prod0.5,SYA,26,27.0,-0.61,-1.23,0.62,26.39,25.77,0.620000000000001,4.483178435985889,3.6813891756545196
synthetic,42,20260919031642,20260919031643,1,shared,Age26 Skill35Prod1,SYB,26,27.0,0.79,0.65,0.14,27.79,27.65,0.14000000000000057,3.25760958403861,3.3465646489340295
synthetic,42,20260919031642,20260919031643,2,shared,Age26 Skill35Prod1.5,SYA,26,27.0,2.87,1.75,1.12,29.87,28.75,1.120000000000001,3.2741873847266323,3.3885576920458695
synthetic,42,20260919031642,20260919031643,3,shared,Age26 Skill50Prod0.5,SYB,26,55.0,-2.52,-2.79,0.27,52.48,52.21,0.269999999999996,1.35944135882384,1.3506077943435
synthetic,42,20260919031642,20260919031643,4,shared,Age26 Skill50Prod1,SYA,26,55.0,0.25,-0.52,0.77,55.25,54.48,0.7700000000000031,1.9765033914885286,1.150142722808036
synthetic,42,20260919031642,20260919031643,5,shared,Age26 Skill50Prod1.5,SYB,26,55.0,1.67,0.73,0.94,56.67,55.73,0.9400000000000048,1.39302011848539,1.6868774571839993
synthetic,42,20260919031642,20260919031643,6,shared,Age26 Skill65Prod0.5,SYA,26,74.0,-1.53,-1.98,0.44999999999999996,72.47,72.02,0.45000000000000284,0.915136463853751,0.7651500150000297
synthetic,42,20260919031642,20260919031643,7,shared,Age26 Skill65Prod1,SYB,26,74.0,-0.1,-0.33,0.23,73.9,73.67,0.23000000000000398,0.8226589066968623,0.7393007889659369
synthetic,42,20260919031642,20260919031643,8,shared,Age26 Skill65Prod1.5,SYA,26,74.0,1.69,0.6,1.0899999999999999,75.69,74.6,1.0900000000000034,0.7745314647572363,0.7913675671030662
synthetic,42,20260919031642,20260919031643,9,shared,Age26 Skill80Prod0.5,SYB,26,90.0,-1.42,-1.09,-0.32999999999999985,88.58,88.91,-0.3299999999999983,0.6541244437251889,0.2876234912646614
synthetic,42,20260919031642,20260919031643,10,shared,Age26 Skill80Prod1,SYA,26,90.0,-0.32,-1.1,0.78,89.68,88.9,0.7800000000000011,1.0719565798533581,0.30151134457776363
synthetic,42,20260919031642,20260919031643,11,shared,Age26 Skill80Prod1.5,SYB,26,90.0,-0.05,-1.13,1.0799999999999998,89.95,88.87,1.0799999999999983,0.2190429135575903,0.3379976689896311
synthetic,42,20260919031642,20260919031643,12,shared,Age29 Skill35Prod0.5,SYA,29,27.0,-1.39,-1.18,-0.20999999999999996,25.61,25.82,-0.21000000000000085,4.7564841442121315,3.7776054624990976
synthetic,42,20260919031642,20260919031643,13,shared,Age29 Skill35Prod1,SYB,29,27.0,0.21,0.25,-0.04000000000000001,27.21,27.25,-0.03999999999999915,4.812221394270503,3.2172985719404563
synthetic,42,20260919031642,20260919031643,14,shared,Age29 Skill35Prod1.5,SYA,29,27.0,1.94,1.74,0.19999999999999996,28.94,28.74,0.20000000000000284,4.668441221044069,3.362358479617327
synthetic,42,20260919031642,20260919031643,15,shared,Age29 Skill50Prod0.5,SYB,29,55.0,-3.06,-2.58,-0.48,51.94,52.42,-0.480000000000004,2.2102607369386362,2.1657573849591394
synthetic,42,20260919031642,20260919031643,16,shared,Age29 Skill50Prod1,SYA,29,55.0,-1.23,-0.51,-0.72,53.77,54.49,-0.7199999999999989,1.9376910137187675,1.6726860996250281
synthetic,42,20260919031642,20260919031643,17,shared,Age29 Skill50Prod1.5,SYB,29,55.0,0.34,0.26,0.08000000000000002,55.34,55.26,0.0800000000000054,1.5123732103130922,0.6759953379792621
synthetic,42,20260919031642,20260919031643,18,shared,Age29 Skill65Prod0.5,SYA,29,74.0,-2.26,-1.9,-0.3599999999999999,71.74,72.1,-0.35999999999999943,0.8946530279410227,0.6435381994422819
synthetic,42,20260919031642,20260919031643,19,shared,Age29 Skill65Prod1,SYB,29,74.0,-1.0,-0.57,-0.43000000000000005,73.0,73.43,-0.4300000000000068,0.9428090415820632,0.6999999999999998
synthetic,42,20260919031642,20260919031643,20,shared,Age29 Skill65Prod1.5,SYA,29,74.0,0.0,0.32,-0.32,74.0,74.32,-0.3199999999999932,0.876171654230361,0.7638287395970013
synthetic,42,20260919031642,20260919031643,21,shared,Age29 Skill80Prod0.5,SYB,29,90.0,-1.79,-1.14,-0.6500000000000001,88.21,88.86,-0.6500000000000057,0.832363071518843,0.348735088019777
synthetic,42,20260919031642,20260919031643,22,shared,Age29 Skill80Prod1,SYA,29,90.0,-1.07,-1.12,0.050000000000000044,88.93,88.88,0.05000000000001137,0.6072790781740128,0.3265986323710904
synthetic,42,20260919031642,20260919031643,23,shared,Age29 Skill80Prod1.5,SYB,29,90.0,-0.54,-1.09,0.55,89.46,88.91,0.5499999999999972,0.5009082659620331,0.2876234912646614
synthetic,42,20260919031642,20260919031643,24,shared,Age31 Skill35Prod0.5,SYA,31,27.0,-2.71,-4.23,1.5200000000000005,24.29,22.77,1.5199999999999996,0.967084549174748,0.6942039987778752
synthetic,42,20260919031642,20260919031643,25,shared,Age31 Skill35Prod1,SYB,31,27.0,-1.22,-2.27,1.05,25.78,24.73,1.0500000000000007,0.9906634854551474,0.7634980634744877
synthetic,42,20260919031642,20260919031643,26,shared,Age31 Skill35Prod1.5,SYA,31,27.0,0.1,-0.99,1.09,27.1,26.01,1.0899999999999999,1.0777829844714388,0.7316095442601369
synthetic,42,20260919031642,20260919031643,27,shared,Age31 Skill50Prod0.5,SYB,31,55.0,-3.52,-5.67,2.15,51.48,49.33,2.1499999999999986,1.3888444437333103,0.9954949025535496
synthetic,42,20260919031642,20260919031643,28,shared,Age31 Skill50Prod1,SYA,31,55.0,-1.52,-2.73,1.21,53.48,52.27,1.2099999999999937,1.210058851561536,1.1879444941629729
synthetic,42,20260919031642,20260919031643,29,shared,Age31 Skill50Prod1.5,SYB,31,55.0,0.09,-1.04,1.1300000000000001,55.09,53.96,1.1300000000000026,0.9438262980061962,0.8867145122657158
synthetic,42,20260919031642,20260919031643,30,shared,Age31 Skill65Prod0.5,SYA,31,74.0,-2.46,-3.57,1.1099999999999999,71.54,70.43,1.1099999999999994,0.8694593699303006,0.5366374921488413
synthetic,42,20260919031642,20260919031643,31,shared,Age31 Skill65Prod1,SYB,31,74.0,-1.11,-1.98,0.8699999999999999,72.89,72.02,0.8700000000000045,0.8749603165604459,0.6026875834396485
synthetic,42,20260919031642,20260919031643,32,shared,Age31 Skill65Prod1.5,SYA,31,74.0,-0.01,-0.88,0.87,73.99,73.12,0.8699999999999903,0.9480975102218594,0.5908391567007971
synthetic,42,20260919031642,20260919031643,33,shared,Age31 Skill80Prod0.5,SYB,31,90.0,-1.91,-4.74,2.83,88.09,85.26,2.8299999999999983,0.7260659179246174,0.9279062996930785
synthetic,42,20260919031642,20260919031643,34,shared,Age31 Skill80Prod1,SYA,31,90.0,-1.15,-4.75,3.6,88.85,85.25,3.5999999999999943,0.5751591786697668,0.9782999065065413
synthetic,42,20260919031642,20260919031643,35,shared,Age31 Skill80Prod1.5,SYB,31,90.0,-0.56,-4.61,4.050000000000001,89.44,85.39,4.049999999999997,0.498887651569859,0.9199802369418794
synthetic,42,20260919031642,20260919031643,36,shared,Age35 Skill35Prod0.5,SYA,35,27.0,-4.67,-4.82,0.15000000000000036,22.33,22.18,0.14999999999999858,0.9749902874419112,1.0384526173031865
synthetic,42,20260919031642,20260919031643,37,shared,Age35 Skill35Prod1,SYB,35,27.0,-3.25,-4.29,1.04,23.75,22.71,1.0399999999999991,1.1923578203363165,0.9774735523043814
synthetic,42,20260919031642,20260919031643,38,shared,Age35 Skill35Prod1.5,SYA,35,27.0,-1.72,-3.59,1.8699999999999999,25.28,23.41,1.870000000000001,1.035530411104972,0.7398471040517342
synthetic,42,20260919031642,20260919031643,39,shared,Age35 Skill50Prod0.5,SYB,35,55.0,-6.54,-6.55,0.009999999999999787,48.46,48.45,0.00999999999999801,1.6355890422571053,1.3734495390671022
synthetic,42,20260919031642,20260919031643,40,shared,Age35 Skill50Prod1,SYA,35,55.0,-4.06,-5.54,1.4800000000000004,50.94,49.46,1.4799999999999969,1.542790335788379,1.2903683602175409
synthetic,42,20260919031642,20260919031643,41,shared,Age35 Skill50Prod1.5,SYB,35,55.0,-1.93,-4.65,2.7200000000000006,53.07,50.35,2.719999999999999,1.3352637540685703,1.0671873729054748
synthetic,42,20260919031642,20260919031643,42,shared,Age35 Skill65Prod0.5,SYA,35,74.0,-4.06,-4.18,0.1200000000000001,69.94,69.82,0.12000000000000455,0.940878592195893,0.9361429572258911
synthetic,42,20260919031642,20260919031643,43,shared,Age35 Skill65Prod1,SYB,35,74.0,-2.69,-3.33,0.6400000000000001,71.31,70.67,0.6400000000000006,0.895499409223251,0.899550954194324
synthetic,42,20260919031642,20260919031643,44,shared,Age35 Skill65Prod1.5,SYA,35,74.0,-1.27,-2.99,1.7200000000000002,72.73,71.01,1.7199999999999989,0.8859737552261322,0.717670192393766
synthetic,42,20260919031642,20260919031643,45,shared,Age35 Skill80Prod0.5,SYB,35,90.0,-3.38,-6.43,3.05,86.62,83.57,3.0500000000000114,0.7355338884171829,1.2812162781962892
synthetic,42,20260919031642,20260919031643,46,shared,Age35 Skill80Prod1,SYA,35,90.0,-2.32,-6.34,4.02,87.68,83.66,4.02000000000001,0.6945676658355489,1.2162203415466786
synthetic,42,20260919031642,20260919031643,47,shared,Age35 Skill80Prod1.5,SYB,35,90.0,-1.49,-6.44,4.95,88.51,83.56,4.950000000000003,0.5024183937956914,1.2253220562016098
synthetic,42,20260919031642,20260919031643,48,shared,Age40 Skill35Prod0.5,SYA,40,27.0,-7.41,-4.93,-2.4800000000000004,19.59,22.07,-2.4800000000000004,0.7120180453961102,1.0075974023649157
synthetic,42,20260919031642,20260919031643,49,shared,Age40 Skill35Prod1,SYB,40,27.0,-5.86,-4.18,-1.6800000000000006,21.14,22.82,-1.6799999999999997,0.964207949405609,0.9361429572258906
synthetic,42,20260919031642,20260919031643,50,shared,Age40 Skill35Prod1.5,SYA,40,27.0,-4.16,-3.7,-0.45999999999999996,22.84,23.3,-0.46000000000000085,1.0417545417479712,0.7849596270902193
synthetic,42,20260919031642,20260919031643,51,shared,Age40 Skill50Prod0.5,SYB,40,55.0,-11.26,-6.72,-4.54,43.74,48.28,-4.539999999999999,1.5349135467379253,1.4219065306194292
synthetic,42,20260919031642,20260919031643,52,shared,Age40 Skill50Prod1,SYA,40,55.0,-8.15,-5.78,-2.37,46.85,49.22,-2.3699999999999974,1.629122587173968,1.106272291905742
synthetic,42,20260919031642,20260919031643,53,shared,Age40 Skill50Prod1.5,SYB,40,55.0,-5.83,-4.58,-1.25,49.17,50.42,-1.25,1.4146063449281963,1.0558160231534064
synthetic,42,20260919031642,20260919031643,54,shared,Age40 Skill65Prod0.5,SYA,40,74.0,-6.6,-4.03,-2.5699999999999994,67.4,69.97,-2.569999999999993,0.8876253645985948,0.7971540286886502
synthetic,42,20260919031642,20260919031643,55,shared,Age40 Skill65Prod1,SYB,40,74.0,-5.21,-3.67,-1.54,68.79,70.33,-1.539999999999992,0.8562898593539007,0.7528397417562895
synthetic,42,20260919031642,20260919031643,56,shared,Age40 Skill65Prod1.5,SYA,40,74.0,-3.55,-2.96,-0.5899999999999999,70.45,71.04,-0.5900000000000034,0.8804842561071294,0.6500971178418365
synthetic,42,20260919031642,20260919031643,57,shared,Age40 Skill80Prod0.5,SYB,40,90.0,-5.59,-6.38,0.79,84.41,83.62,0.789999999999992,0.6371495868001453,1.4268705603381113
synthetic,42,20260919031642,20260919031643,58,shared,Age40 Skill80Prod1,SYA,40,90.0,-4.49,-6.51,2.0199999999999996,85.51,83.49,2.0200000000000102,0.6275654418770873,1.2512216252748976
synthetic,42,20260919031642,20260919031643,59,shared,Age40 Skill80Prod1.5,SYB,40,90.0,-3.43,-6.39,2.9599999999999995,86.57,83.61,2.9599999999999937,0.5366374921488415,1.270448898634024
live,42,20260919031644,20260919031645,0,shared,NETFixture eligible,SD,30,55.0,-1.73,-0.5,-1.23,53.27,54.5,-1.2299999999999969,1.420307265091863,0.758786910639328
live,42,20260919031644,20260919031645,1,shared,NETFixture free-agent,DET,26,55.0,0.5,-0.51,1.01,55.5,54.49,1.009999999999998,2.5878504008094616,1.9095454004457801
live,42,20260919031644,20260919031645,6,published_only,NETFixture negative-per,MIN,30,55.0,,-8.45,,,46.55,,,1.0384039812533596
live,42,20260919031644,20260919031645,9,shared,NETFixture unwatched,TOR,30,55.0,-1.64,-0.48,-1.16,53.36,54.52,-1.1600000000000037,1.4391355429948598,0.810038033774721
